Timestamp,UTC,Callsign,Position,Altitude,Speed,Direction
1668056519,2022-11-10T05:01:59Z,UAE97,"25.254612,55.354511",0,3,120
1668056539,2022-11-10T05:02:19Z,UAE97,"25.25474,55.35429",0,3,120
1668056561,2022-11-10T05:02:41Z,UAE97,"25.254856,55.354084",0,1,120
1668056759,2022-11-10T05:05:59Z,UAE97,"25.25474,55.354301",0,4,120
1668056781,2022-11-10T05:06:21Z,UAE97,"25.254473,55.354782",0,7,120
1668056810,2022-11-10T05:06:50Z,UAE97,"25.253998,55.355644",0,7,120
1668057006,2022-11-10T05:10:06Z,UAE97,"25.253014,55.35741",0,5,120
1668057039,2022-11-10T05:10:39Z,UAE97,"25.25235,55.358593",0,9,120
1668057056,2022-11-10T05:10:56Z,UAE97,"25.252075,55.359142",0,6,118
1668057066,2022-11-10T05:11:06Z,UAE97,"25.252016,55.359394",0,4,109
1668057084,2022-11-10T05:11:24Z,UAE97,"25.25197,55.359653",0,3,104
1668057101,2022-11-10T05:11:41Z,UAE97,"25.251961,55.35989",0,2,98
1668057118,2022-11-10T05:11:58Z,UAE97,"25.251959,55.360119",0,2,92
1668057421,2022-11-10T05:17:01Z,UAE97,"25.251949,55.360363",0,11,92
1668057444,2022-11-10T05:17:24Z,UAE97,"25.251938,55.360668",0,2,92
1668057480,2022-11-10T05:18:00Z,UAE97,"25.251881,55.361126",0,10,98
1668057869,2022-11-10T05:24:29Z,UAE97,"25.251823,55.361378",0,10,104
1668057894,2022-11-10T05:24:54Z,UAE97,"25.251537,55.361874",0,8,120
1668057909,2022-11-10T05:25:09Z,UAE97,"25.251652,55.362484",0,10,70
1668057948,2022-11-10T05:25:48Z,UAE97,"25.25317,55.363529",0,8,36
1668057965,2022-11-10T05:26:05Z,UAE97,"25.253036,55.364063",0,6,104
1668058011,2022-11-10T05:26:51Z,UAE97,"25.252844,55.364319",0,0,120
1668058036,2022-11-10T05:27:16Z,UAE97,"25.250473,55.368664",0,80,120
1668058072,2022-11-10T05:27:52Z,UAE97,"25.239487,55.388538",100,154,121
1668058080,2022-11-10T05:28:00Z,UAE97,"25.236877,55.393322",225,155,120
1668058086,2022-11-10T05:28:06Z,UAE97,"25.234451,55.397846",350,157,120
1668058091,2022-11-10T05:28:11Z,UAE97,"25.23271,55.400993",450,159,120
1668058098,2022-11-10T05:28:18Z,UAE97,"25.229916,55.406231",575,159,120
1668058104,2022-11-10T05:28:24Z,UAE97,"25.227631,55.410358",725,160,121
1668058110,2022-11-10T05:28:30Z,UAE97,"25.225342,55.414326",850,161,122
1668058116,2022-11-10T05:28:36Z,UAE97,"25.222916,55.418549",1000,160,122
1668058122,2022-11-10T05:28:42Z,UAE97,"25.220327,55.423073",1125,162,122
1668058128,2022-11-10T05:28:48Z,UAE97,"25.217953,55.427113",1200,169,122
1668058134,2022-11-10T05:28:54Z,UAE97,"25.215179,55.431824",1275,176,123
1668058140,2022-11-10T05:29:00Z,UAE97,"25.212616,55.435791",1375,184,129
1668058143,2022-11-10T05:29:03Z,UAE97,"25.210737,55.438202",1425,187,133
1668058146,2022-11-10T05:29:06Z,UAE97,"25.208876,55.440174",1475,192,137
1668058148,2022-11-10T05:29:08Z,UAE97,"25.206665,55.4422",1525,194,142
1668058152,2022-11-10T05:29:12Z,UAE97,"25.204266,55.444008",1575,197,147
1668058155,2022-11-10T05:29:15Z,UAE97,"25.201996,55.445354",1650,199,154
1668058158,2022-11-10T05:29:18Z,UAE97,"25.199524,55.446522",1700,204,160
1668058161,2022-11-10T05:29:21Z,UAE97,"25.196632,55.44743",1725,207,167
1668058164,2022-11-10T05:29:24Z,UAE97,"25.193745,55.447945",1775,211,174
1668058167,2022-11-10T05:29:27Z,UAE97,"25.19072,55.448051",1825,216,181
1668058170,2022-11-10T05:29:30Z,UAE97,"25.18774,55.447792",1875,219,188
1668058173,2022-11-10T05:29:33Z,UAE97,"25.184855,55.44717",1925,222,194
1668058176,2022-11-10T05:29:36Z,UAE97,"25.181688,55.445976",2000,225,201
1668058179,2022-11-10T05:29:39Z,UAE97,"25.178616,55.444576",2100,227,203
1668058182,2022-11-10T05:29:42Z,UAE97,"25.176041,55.443371",2200,227,204
1668058185,2022-11-10T05:29:45Z,UAE97,"25.173029,55.44183",2325,229,205
1668058188,2022-11-10T05:29:48Z,UAE97,"25.169865,55.440121",2425,231,207
1668058191,2022-11-10T05:29:51Z,UAE97,"25.167297,55.438587",2550,232,209
1668058194,2022-11-10T05:29:54Z,UAE97,"25.16465,55.436855",2675,232,211
1668058197,2022-11-10T05:29:57Z,UAE97,"25.161531,55.434731",2825,233,212
1668058200,2022-11-10T05:30:00Z,UAE97,"25.15892,55.432892",2975,233,212
1668058203,2022-11-10T05:30:03Z,UAE97,"25.156132,55.43095",3100,233,213
1668058206,2022-11-10T05:30:06Z,UAE97,"25.153427,55.428875",3250,234,217
1668058209,2022-11-10T05:30:09Z,UAE97,"25.150909,55.426483",3375,234,223
1668058212,2022-11-10T05:30:12Z,UAE97,"25.14859,55.423798",3500,233,228
1668058215,2022-11-10T05:30:15Z,UAE97,"25.146881,55.421398",3650,233,234
1668058218,2022-11-10T05:30:18Z,UAE97,"25.145004,55.418243",3775,233,239
1668058221,2022-11-10T05:30:21Z,UAE97,"25.143539,55.415192",3925,234,242
1668058224,2022-11-10T05:30:24Z,UAE97,"25.14249,55.412605",4050,233,251
1668058227,2022-11-10T05:30:27Z,UAE97,"25.141281,55.408199",4175,233,256
1668058230,2022-11-10T05:30:30Z,UAE97,"25.14061,55.404613",4325,232,260
1668058233,2022-11-10T05:30:33Z,UAE97,"25.140289,55.401714",4450,231,265
1668058236,2022-11-10T05:30:36Z,UAE97,"25.140163,55.397884",4600,232,269
1668058239,2022-11-10T05:30:39Z,UAE97,"25.140163,55.393948",4750,232,270
1668058242,2022-11-10T05:30:42Z,UAE97,"25.140152,55.390728",4875,232,269
1668058245,2022-11-10T05:30:45Z,UAE97,"25.140152,55.38686",5025,231,269
1668058248,2022-11-10T05:30:48Z,UAE97,"25.140152,55.383656",5175,231,270
1668058251,2022-11-10T05:30:51Z,UAE97,"25.140211,55.379852",5300,231,271
1668058254,2022-11-10T05:30:54Z,UAE97,"25.140335,55.376282",5450,231,272
1668058257,2022-11-10T05:30:57Z,UAE97,"25.140518,55.37262",5600,231,273
1668058260,2022-11-10T05:31:00Z,UAE97,"25.140722,55.369488",5725,232,274
1668058263,2022-11-10T05:31:03Z,UAE97,"25.141001,55.365704",5825,234,275
1668058275,2022-11-10T05:31:15Z,UAE97,"25.142532,55.35136",6325,238,277
1668058287,2022-11-10T05:31:27Z,UAE97,"25.144501,55.336609",6800,242,279
1668058299,2022-11-10T05:31:39Z,UAE97,"25.146727,55.321915",7300,244,279
1668058311,2022-11-10T05:31:51Z,UAE97,"25.148804,55.306805",7825,246,279
1668058323,2022-11-10T05:32:03Z,UAE97,"25.151917,55.292408",8275,251,286
1668058335,2022-11-10T05:32:15Z,UAE97,"25.155945,55.277088",8575,263,285
1668058347,2022-11-10T05:32:27Z,UAE97,"25.159948,55.261177",8800,278,285
1668058359,2022-11-10T05:32:39Z,UAE97,"25.164185,55.243973",9100,289,285
1668058371,2022-11-10T05:32:51Z,UAE97,"25.169724,55.227287",9500,295,296
1668058374,2022-11-10T05:32:54Z,UAE97,"25.171188,55.224201",9625,295,299
1668058377,2022-11-10T05:32:57Z,UAE97,"25.173569,55.219677",9750,296,300
1668058380,2022-11-10T05:33:00Z,UAE97,"25.175962,55.215214",9875,296,300
1668058383,2022-11-10T05:33:03Z,UAE97,"25.177824,55.211636",10025,295,300
1668058386,2022-11-10T05:33:06Z,UAE97,"25.179977,55.207569",10175,296,300
1668058389,2022-11-10T05:33:09Z,UAE97,"25.182129,55.203655",10300,296,300
1668058392,2022-11-10T05:33:12Z,UAE97,"25.184097,55.199993",10425,297,300
1668058404,2022-11-10T05:33:24Z,UAE97,"25.192907,55.183964",10775,306,301
1668058416,2022-11-10T05:33:36Z,UAE97,"25.201612,55.168468",11050,317,302
1668058428,2022-11-10T05:33:48Z,UAE97,"25.211529,55.150951",11300,328,301
1668058440,2022-11-10T05:34:00Z,UAE97,"25.221491,55.133331",11500,339,302
1668058452,2022-11-10T05:34:12Z,UAE97,"25.231567,55.115612",11750,350,301
1668058464,2022-11-10T05:34:24Z,UAE97,"25.242113,55.096901",12000,360,301
1668058498,2022-11-10T05:34:58Z,UAE97,"25.272093,55.043785",12900,377,301
1668058531,2022-11-10T05:35:31Z,UAE97,"25.301979,54.990044",14125,381,301
1668058564,2022-11-10T05:36:04Z,UAE97,"25.333054,54.934032",15625,378,301
1668058588,2022-11-10T05:36:28Z,UAE97,"25.352629,54.892464",16225,387,289
1668058591,2022-11-10T05:36:31Z,UAE97,"25.354202,54.88739",16325,388,288
1668058594,2022-11-10T05:36:34Z,UAE97,"25.35598,54.881012",16450,388,286
1668058597,2022-11-10T05:36:37Z,UAE97,"25.357361,54.875996",16525,389,286
1668058600,2022-11-10T05:36:40Z,UAE97,"25.358917,54.870197",16600,390,286
1668058603,2022-11-10T05:36:43Z,UAE97,"25.360565,54.864094",16700,392,286
1668058606,2022-11-10T05:36:46Z,UAE97,"25.362171,54.858261",16775,391,286
1668058609,2022-11-10T05:36:49Z,UAE97,"25.363724,54.852703",16850,393,287
1668058642,2022-11-10T05:37:22Z,UAE97,"25.38163,54.790684",18275,386,287
1668058705,2022-11-10T05:38:25Z,UAE97,"25.416498,54.670921",20525,383,287
1668058765,2022-11-10T05:39:25Z,UAE97,"25.449692,54.555714",21925,395,288
1668058829,2022-11-10T05:40:29Z,UAE97,"25.486094,54.433681",23300,406,288
1668058892,2022-11-10T05:41:32Z,UAE97,"25.523666,54.305981",24725,416,287
1668058955,2022-11-10T05:42:35Z,UAE97,"25.561569,54.177044",26100,423,287
1668059018,2022-11-10T05:43:38Z,UAE97,"25.600193,54.045273",27525,430,287
1668059078,2022-11-10T05:44:38Z,UAE97,"25.636038,53.919189",29225,430,287
1668059142,2022-11-10T05:45:42Z,UAE97,"25.674362,53.784283",30700,438,287
1668059205,2022-11-10T05:46:45Z,UAE97,"25.711761,53.652142",32525,436,287
1668059268,2022-11-10T05:47:48Z,UAE97,"25.750763,53.512623",34075,442,287
1668059331,2022-11-10T05:48:51Z,UAE97,"25.788162,53.379261",35950,434,287
1668059394,2022-11-10T05:49:54Z,UAE97,"25.824921,53.24773",37250,433,287
1668059456,2022-11-10T05:50:56Z,UAE97,"25.869963,53.117683",38025,432,294
1668059518,2022-11-10T05:51:58Z,UAE97,"25.920273,52.994003",38000,430,294
1668059580,2022-11-10T05:53:00Z,UAE97,"25.971313,52.867973",38000,427,294
1668059642,2022-11-10T05:54:02Z,UAE97,"26.020281,52.746841",38000,427,294
1668059704,2022-11-10T05:55:04Z,UAE97,"26.077011,52.620365",38000,429,297
1668059766,2022-11-10T05:56:06Z,UAE97,"26.131668,52.499516",38000,430,296
1668059826,2022-11-10T05:57:06Z,UAE97,"26.185308,52.380699",38000,432,296
1668059890,2022-11-10T05:58:10Z,UAE97,"26.239914,52.258476",38000,434,295
1668059953,2022-11-10T05:59:13Z,UAE97,"26.296463,52.126705",38000,432,295
1668060015,2022-11-10T06:00:15Z,UAE97,"26.350521,52.001617",38000,429,295
1668060075,2022-11-10T06:01:15Z,UAE97,"26.396654,51.880665",38000,423,289
1668060139,2022-11-10T06:02:19Z,UAE97,"26.440247,51.750893",38000,421,290
1668060200,2022-11-10T06:03:20Z,UAE97,"26.481939,51.626236",38000,422,290
1668060263,2022-11-10T06:04:23Z,UAE97,"26.524767,51.497673",38000,420,290
1668060328,2022-11-10T06:05:28Z,UAE97,"26.568199,51.366684",38000,419,290
1668060389,2022-11-10T06:06:29Z,UAE97,"26.609299,51.242413",38000,420,290
1668060450,2022-11-10T06:07:30Z,UAE97,"26.65069,51.117325",38000,421,290
1668060513,2022-11-10T06:08:33Z,UAE97,"26.692122,50.991722",38000,420,290
1668060575,2022-11-10T06:09:35Z,UAE97,"26.73267,50.864639",38000,419,289
1668060637,2022-11-10T06:10:37Z,UAE97,"26.773588,50.73629",38000,420,290
1668060700,2022-11-10T06:11:40Z,UAE97,"26.830582,50.614326",38000,428,304
1668060763,2022-11-10T06:12:43Z,UAE97,"26.909615,50.503147",38000,429,308
1668060824,2022-11-10T06:13:44Z,UAE97,"26.989916,50.4058",38000,432,313
1668060887,2022-11-10T06:14:47Z,UAE97,"27.077637,50.301006",38000,433,312
1668060950,2022-11-10T06:15:50Z,UAE97,"27.165373,50.198647",38000,438,318
1668061013,2022-11-10T06:16:53Z,UAE97,"27.268671,50.111549",38000,442,323
1668061073,2022-11-10T06:17:53Z,UAE97,"27.367176,50.029625",38000,444,323
1668061137,2022-11-10T06:18:57Z,UAE97,"27.470444,49.93882",38000,440,321
1668061200,2022-11-10T06:20:00Z,UAE97,"27.572067,49.849014",38000,438,321
1668061263,2022-11-10T06:21:03Z,UAE97,"27.671116,49.761517",38000,439,321
1668061325,2022-11-10T06:22:05Z,UAE97,"27.772692,49.671673",38000,438,321
1668061386,2022-11-10T06:23:06Z,UAE97,"27.868607,49.58617",38000,436,321
1668061450,2022-11-10T06:24:10Z,UAE97,"27.969282,49.496048",38000,436,321
1668061513,2022-11-10T06:25:13Z,UAE97,"28.068811,49.406593",38000,435,321
1668061575,2022-11-10T06:26:15Z,UAE97,"28.166565,49.317047",38000,434,320
1668061639,2022-11-10T06:27:19Z,UAE97,"28.266174,49.225933",38000,430,321
1668061699,2022-11-10T06:28:19Z,UAE97,"28.359297,49.140446",38000,430,321
1668061763,2022-11-10T06:29:23Z,UAE97,"28.462271,49.056057",38000,446,326
1668061826,2022-11-10T06:30:26Z,UAE97,"28.571823,48.971821",38000,450,325
1668061889,2022-11-10T06:31:29Z,UAE97,"28.682144,48.886993",38000,453,325
1668061952,2022-11-10T06:32:32Z,UAE97,"28.791117,48.803047",38000,453,325
1668062012,2022-11-10T06:33:32Z,UAE97,"28.896103,48.722412",38000,453,325
1668062075,2022-11-10T06:34:35Z,UAE97,"29.006332,48.637901",38000,456,325
1668062139,2022-11-10T06:35:39Z,UAE97,"29.11734,48.552494",38000,456,325
1668062202,2022-11-10T06:36:42Z,UAE97,"29.228195,48.466942",38000,457,325
1668062262,2022-11-10T06:37:42Z,UAE97,"29.334381,48.384758",38000,462,325
1668062323,2022-11-10T06:38:43Z,UAE97,"29.442568,48.301552",38000,464,328
1668062387,2022-11-10T06:39:47Z,UAE97,"29.561279,48.223854",38000,461,329
1668062448,2022-11-10T06:40:48Z,UAE97,"29.673477,48.149483",38000,462,330
1668062511,2022-11-10T06:41:51Z,UAE97,"29.790985,48.071892",38000,465,330
1668062571,2022-11-10T06:42:51Z,UAE97,"29.904877,47.996414",38000,465,330
1668062632,2022-11-10T06:43:52Z,UAE97,"30.012314,47.915794",38000,447,320
1668062696,2022-11-10T06:44:56Z,UAE97,"30.102493,47.811314",38000,422,310
1668062757,2022-11-10T06:45:57Z,UAE97,"30.181137,47.706459",38000,423,310
1668062818,2022-11-10T06:46:58Z,UAE97,"30.258865,47.602306",38000,426,310
1668062880,2022-11-10T06:48:00Z,UAE97,"30.33814,47.49593",38000,429,310
1668062942,2022-11-10T06:49:02Z,UAE97,"30.417744,47.388756",38000,426,310
1668063005,2022-11-10T06:50:05Z,UAE97,"30.500381,47.277187",38000,425,310
1668063069,2022-11-10T06:51:09Z,UAE97,"30.581406,47.167484",38000,424,310
1668063130,2022-11-10T06:52:10Z,UAE97,"30.658768,47.062576",38000,422,310
1668063192,2022-11-10T06:53:12Z,UAE97,"30.736313,46.956966",38000,422,310
1668063256,2022-11-10T06:54:16Z,UAE97,"30.818848,46.844463",38000,419,310
1668063317,2022-11-10T06:55:17Z,UAE97,"30.894745,46.740631",38000,418,310
1668063380,2022-11-10T06:56:20Z,UAE97,"30.973904,46.631966",38000,417,310
1668063440,2022-11-10T06:57:20Z,UAE97,"31.048201,46.529793",38000,416,310
1668063504,2022-11-10T06:58:24Z,UAE97,"31.128204,46.419392",38000,418,310
1668063568,2022-11-10T06:59:28Z,UAE97,"31.208992,46.310505",38000,422,313
1668063630,2022-11-10T07:00:30Z,UAE97,"31.301743,46.216305",38000,428,319
1668063689,2022-11-10T07:01:29Z,UAE97,"31.390453,46.126595",38000,430,319
1668063754,2022-11-10T07:02:34Z,UAE97,"31.48649,46.029694",38000,432,319
1668063817,2022-11-10T07:03:37Z,UAE97,"31.584158,45.930927",38000,434,319
1668063879,2022-11-10T07:04:39Z,UAE97,"31.678473,45.835236",38000,434,319
1668063941,2022-11-10T07:05:41Z,UAE97,"31.771774,45.740337",38000,436,318
1668064002,2022-11-10T07:06:42Z,UAE97,"31.864029,45.646233",38000,434,318
1668064063,2022-11-10T07:07:43Z,UAE97,"31.957228,45.550831",38000,436,318
1668064126,2022-11-10T07:08:46Z,UAE97,"32.054398,45.45121",38000,438,318
1668064187,2022-11-10T07:09:47Z,UAE97,"32.146545,45.356396",38000,440,318
1668064249,2022-11-10T07:10:49Z,UAE97,"32.24263,45.257244",38000,440,318
1668064310,2022-11-10T07:11:50Z,UAE97,"32.335236,45.161446",38000,444,318
1668064373,2022-11-10T07:12:53Z,UAE97,"32.433411,45.059586",38000,446,318
1668064436,2022-11-10T07:13:56Z,UAE97,"32.530891,44.95813",38000,442,318
1668064496,2022-11-10T07:14:56Z,UAE97,"32.623489,44.861408",38000,437,318
1668064560,2022-11-10T07:16:00Z,UAE97,"32.719521,44.76099",38000,434,318
1668064621,2022-11-10T07:17:01Z,UAE97,"32.80925,44.666729",38000,434,318
1668064684,2022-11-10T07:18:04Z,UAE97,"32.906158,44.564667",38000,439,318
1668064744,2022-11-10T07:19:04Z,UAE97,"32.998215,44.467327",38000,442,318
1668064808,2022-11-10T07:20:08Z,UAE97,"33.097244,44.364922",38000,450,322
1668064868,2022-11-10T07:21:08Z,UAE97,"33.206036,44.285889",38000,464,334
1668064932,2022-11-10T07:22:12Z,UAE97,"33.335999,44.230244",38025,477,345
1668064994,2022-11-10T07:23:14Z,UAE97,"33.467697,44.186684",38000,474,344
1668065058,2022-11-10T07:24:18Z,UAE97,"33.59996,44.142723",38000,477,344
1668065120,2022-11-10T07:25:20Z,UAE97,"33.736919,44.097176",38000,480,344
1668065180,2022-11-10T07:26:20Z,UAE97,"33.865494,44.054337",38000,478,344
1668065244,2022-11-10T07:27:24Z,UAE97,"34.001522,44.008827",38000,478,344
1668065304,2022-11-10T07:28:24Z,UAE97,"34.129726,43.965797",38000,476,344
1668065366,2022-11-10T07:29:26Z,UAE97,"34.260025,43.922024",38000,472,344
1668065426,2022-11-10T07:30:26Z,UAE97,"34.386932,43.879059",38000,469,344
1668065489,2022-11-10T07:31:29Z,UAE97,"34.518356,43.834553",38000,467,344
1668065551,2022-11-10T07:32:31Z,UAE97,"34.647675,43.790607",38000,469,344
1668065614,2022-11-10T07:33:34Z,UAE97,"34.779099,43.745766",38000,470,344
1668065674,2022-11-10T07:34:34Z,UAE97,"34.906357,43.702213",38000,470,344
1668065738,2022-11-10T07:35:38Z,UAE97,"35.038193,43.656979",38000,467,344
1668065799,2022-11-10T07:36:39Z,UAE97,"35.164955,43.613377",38000,465,344
1668065861,2022-11-10T07:37:41Z,UAE97,"35.295227,43.568344",38000,469,344
1668065922,2022-11-10T07:38:42Z,UAE97,"35.421692,43.524502",38000,467,344
1668065985,2022-11-10T07:39:45Z,UAE97,"35.553452,43.47868",38000,465,344
1668066045,2022-11-10T07:40:45Z,UAE97,"35.677551,43.435421",38000,463,344
1668066109,2022-11-10T07:41:49Z,UAE97,"35.808472,43.389473",38000,465,344
1668066170,2022-11-10T07:42:50Z,UAE97,"35.936234,43.344627",38000,468,343
1668066233,2022-11-10T07:43:53Z,UAE97,"36.066742,43.29855",38000,464,343
1668066294,2022-11-10T07:44:54Z,UAE97,"36.185028,43.239098",38000,452,335
1668066357,2022-11-10T07:45:57Z,UAE97,"36.305672,43.172997",38000,452,335
1668066418,2022-11-10T07:46:58Z,UAE97,"36.422058,43.108578",38000,454,335
1668066481,2022-11-10T07:48:01Z,UAE97,"36.543461,43.041279",38000,455,335
1668066544,2022-11-10T07:49:04Z,UAE97,"36.666092,42.972908",38000,458,335
1668066604,2022-11-10T07:50:04Z,UAE97,"36.782272,42.90802",38000,459,335
1668066665,2022-11-10T07:51:05Z,UAE97,"36.901772,42.841961",38000,459,336
1668066728,2022-11-10T07:52:08Z,UAE97,"37.023506,42.77467",38000,460,336
1668066789,2022-11-10T07:53:09Z,UAE97,"37.14254,42.707439",38000,458,332
1668066853,2022-11-10T07:54:13Z,UAE97,"37.251434,42.614914",38000,441,319
1668066913,2022-11-10T07:55:13Z,UAE97,"37.335781,42.503716",38000,434,307
1668066976,2022-11-10T07:56:16Z,UAE97,"37.410782,42.377598",38000,433,306
1668067037,2022-11-10T07:57:17Z,UAE97,"37.484699,42.253239",38000,435,306
1668067101,2022-11-10T07:58:21Z,UAE97,"37.560562,42.124798",38000,434,306
1668067162,2022-11-10T07:59:22Z,UAE97,"37.633293,42.001331",38000,435,306
1668067225,2022-11-10T08:00:25Z,UAE97,"37.708664,41.872597",38000,434,306
1668067285,2022-11-10T08:01:25Z,UAE97,"37.781387,41.748806",38000,436,306
1668067349,2022-11-10T08:02:29Z,UAE97,"37.858143,41.618004",38000,442,306
1668067409,2022-11-10T08:03:29Z,UAE97,"37.931213,41.492439",38000,444,306
1668067471,2022-11-10T08:04:31Z,UAE97,"38.006645,41.361137",38000,444,305
1668067535,2022-11-10T08:05:35Z,UAE97,"38.083374,41.227833",38000,447,306
1668067598,2022-11-10T08:06:38Z,UAE97,"38.151443,41.0891",38000,441,294
1668067658,2022-11-10T08:07:38Z,UAE97,"38.197136,40.943775",38000,442,291
1668067722,2022-11-10T08:08:42Z,UAE97,"38.245148,40.789783",38000,444,291
1668067782,2022-11-10T08:09:42Z,UAE97,"38.289139,40.642693",38000,442,290
1668067846,2022-11-10T08:10:46Z,UAE97,"38.335396,40.487007",38000,446,290
1668067906,2022-11-10T08:11:46Z,UAE97,"38.37854,40.339634",38000,448,290
1668067970,2022-11-10T08:12:50Z,UAE97,"38.424683,40.181362",38000,446,290
1668068030,2022-11-10T08:13:50Z,UAE97,"38.467976,40.032288",38000,447,290
1668068094,2022-11-10T08:14:54Z,UAE97,"38.513458,39.875183",38000,449,290
1668068154,2022-11-10T08:15:54Z,UAE97,"38.556976,39.72477",38000,449,290
1668068218,2022-11-10T08:16:58Z,UAE97,"38.602386,39.566902",38000,453,290
1668068278,2022-11-10T08:17:58Z,UAE97,"38.646782,39.413635",38000,455,290
1668068342,2022-11-10T08:19:02Z,UAE97,"38.693069,39.255226",38000,452,289
1668068402,2022-11-10T08:20:02Z,UAE97,"38.721455,39.098694",38000,449,280
1668068466,2022-11-10T08:21:06Z,UAE97,"38.74617,38.934235",38000,446,280
1668068526,2022-11-10T08:22:06Z,UAE97,"38.769608,38.776306",38000,447,280
1668068590,2022-11-10T08:23:10Z,UAE97,"38.794308,38.610779",38000,448,280
1668068653,2022-11-10T08:24:13Z,UAE97,"38.818588,38.446537",38000,446,280
1668068714,2022-11-10T08:25:14Z,UAE97,"38.841698,38.289063",38000,446,280
1668068777,2022-11-10T08:26:17Z,UAE97,"38.865555,38.125126",38000,448,280
1668068837,2022-11-10T08:27:17Z,UAE97,"38.88797,37.968933",38000,446,280
1668068901,2022-11-10T08:28:21Z,UAE97,"38.911469,37.802643",38000,445,280
1668068961,2022-11-10T08:29:21Z,UAE97,"38.93335,37.645847",38000,444,280
1668069025,2022-11-10T08:30:25Z,UAE97,"38.956421,37.480038",38000,446,280
1668069085,2022-11-10T08:31:25Z,UAE97,"38.978188,37.322754",38000,448,280
1668069146,2022-11-10T08:32:26Z,UAE97,"39.000183,37.161911",38000,450,279
1668069212,2022-11-10T08:33:32Z,UAE97,"39.023438,36.990131",38000,449,279
1668069273,2022-11-10T08:34:33Z,UAE97,"39.044907,36.829933",38000,448,279
1668069332,2022-11-10T08:35:32Z,UAE97,"39.065659,36.673523",38000,451,279
1668069397,2022-11-10T08:36:37Z,UAE97,"39.088005,36.502014",38000,454,279
1668069457,2022-11-10T08:37:37Z,UAE97,"39.108627,36.342354",38000,455,279
1668069521,2022-11-10T08:38:41Z,UAE97,"39.130463,36.172546",38000,454,279
1668069585,2022-11-10T08:39:45Z,UAE97,"39.156372,36.005363",38000,456,287
1668069648,2022-11-10T08:40:48Z,UAE97,"39.204155,35.843506",38000,457,290
1668069710,2022-11-10T08:41:50Z,UAE97,"39.253174,35.6922",38000,455,291
1668069771,2022-11-10T08:42:51Z,UAE97,"39.299538,35.533752",38000,455,290
1668069833,2022-11-10T08:43:53Z,UAE97,"39.345383,35.376038",38025,456,290
1668069895,2022-11-10T08:44:55Z,UAE97,"39.390839,35.218468",38000,460,290
1668069956,2022-11-10T08:45:56Z,UAE97,"39.437286,35.062256",38000,456,291
1668070016,2022-11-10T08:46:56Z,UAE97,"39.482849,34.90876",38000,458,290
1668070079,2022-11-10T08:47:59Z,UAE97,"39.530365,34.746235",38000,461,290
1668070141,2022-11-10T08:49:01Z,UAE97,"39.575638,34.589855",38000,461,290
1668070202,2022-11-10T08:50:02Z,UAE97,"39.621826,34.429897",38000,461,290
1668070264,2022-11-10T08:51:04Z,UAE97,"39.667862,34.26947",38000,459,290
1668070324,2022-11-10T08:52:04Z,UAE97,"39.71204,34.114624",38000,456,290
1668070388,2022-11-10T08:53:08Z,UAE97,"39.758404,33.951294",38000,456,290
1668070451,2022-11-10T08:54:11Z,UAE97,"39.797287,33.783974",38000,462,284
1668070511,2022-11-10T08:55:11Z,UAE97,"39.830383,33.623119",38000,464,286
1668070575,2022-11-10T08:56:15Z,UAE97,"39.87886,33.457668",38000,457,291
1668070637,2022-11-10T08:57:17Z,UAE97,"39.925945,33.299122",38000,455,291
1668070700,2022-11-10T08:58:20Z,UAE97,"39.973892,33.137756",38000,457,291
1668070763,2022-11-10T08:59:23Z,UAE97,"40.020771,32.979271",38000,459,290
1668070825,2022-11-10T09:00:25Z,UAE97,"40.066864,32.816223",38000,460,286
1668070887,2022-11-10T09:01:27Z,UAE97,"40.092911,32.647461",38000,462,280
1668070948,2022-11-10T09:02:28Z,UAE97,"40.116718,32.480518",38025,460,280
1668071009,2022-11-10T09:03:29Z,UAE97,"40.139694,32.314148",38000,461,280
1668071069,2022-11-10T09:04:29Z,UAE97,"40.162262,32.148926",39200,461,280
1668071133,2022-11-10T09:05:33Z,UAE97,"40.179565,31.969971",39900,471,275
1668071194,2022-11-10T09:06:34Z,UAE97,"40.19577,31.800415",40000,466,279
1668071257,2022-11-10T09:07:37Z,UAE97,"40.216663,31.624332",40000,465,278
1668071317,2022-11-10T09:08:37Z,UAE97,"40.236145,31.457703",40000,465,278
1668071381,2022-11-10T09:09:41Z,UAE97,"40.256512,31.281322",40000,464,278
1668071442,2022-11-10T09:10:42Z,UAE97,"40.275646,31.113405",40000,464,278
1668071505,2022-11-10T09:11:45Z,UAE97,"40.295429,30.936813",40000,462,278
1668071566,2022-11-10T09:12:46Z,UAE97,"40.313965,30.76947",40000,458,278
1668071629,2022-11-10T09:13:49Z,UAE97,"40.332825,30.596497",40000,460,278
1668071690,2022-11-10T09:14:50Z,UAE97,"40.350967,30.428633",40000,461,277
1668071752,2022-11-10T09:15:52Z,UAE97,"40.369263,30.256287",40000,457,277
1668071816,2022-11-10T09:16:56Z,UAE97,"40.387417,30.083189",40000,458,277
1668071879,2022-11-10T09:17:59Z,UAE97,"40.405388,29.910341",40000,462,277
1668071942,2022-11-10T09:19:02Z,UAE97,"40.423172,29.735807",40000,460,277
1668072005,2022-11-10T09:20:05Z,UAE97,"40.440308,29.564575",40000,458,277
1668072066,2022-11-10T09:21:06Z,UAE97,"40.457291,29.393066",40000,458,277
1668072127,2022-11-10T09:22:07Z,UAE97,"40.475418,29.226318",40000,458,282
1668072190,2022-11-10T09:23:10Z,UAE97,"40.516182,29.061085",40000,454,289
1668072253,2022-11-10T09:24:13Z,UAE97,"40.560452,28.8981",40000,453,289
1668072316,2022-11-10T09:25:16Z,UAE97,"40.605423,28.733305",40000,456,289
1668072379,2022-11-10T09:26:19Z,UAE97,"40.650204,28.567823",40000,460,289
1668072442,2022-11-10T09:27:22Z,UAE97,"40.694504,28.403259",40000,462,289
1668072502,2022-11-10T09:28:22Z,UAE97,"40.737213,28.243408",40000,460,289
1668072564,2022-11-10T09:29:24Z,UAE97,"40.78083,28.079119",40000,459,289
1668072628,2022-11-10T09:30:28Z,UAE97,"40.824776,27.91264",40000,458,289
1668072691,2022-11-10T09:31:31Z,UAE97,"40.868088,27.747192",40000,456,288
1668072752,2022-11-10T09:32:32Z,UAE97,"40.909782,27.586983",40000,455,288
1668072815,2022-11-10T09:33:35Z,UAE97,"40.940506,27.413147",40000,459,276
1668072875,2022-11-10T09:34:35Z,UAE97,"40.941193,27.243713",40000,466,265
1668072937,2022-11-10T09:35:37Z,UAE97,"40.931763,27.074524",40000,464,265
1668072999,2022-11-10T09:36:39Z,UAE97,"40.921513,26.893221",40000,467,265
1668073062,2022-11-10T09:37:42Z,UAE97,"40.910751,26.715637",40000,466,265
1668073123,2022-11-10T09:38:43Z,UAE97,"40.900635,26.543762",40000,464,265
1668073186,2022-11-10T09:39:46Z,UAE97,"40.889786,26.365723",40000,466,265
1668073249,2022-11-10T09:40:49Z,UAE97,"40.878799,26.186951",40000,464,266
1668073310,2022-11-10T09:41:50Z,UAE97,"40.870743,26.015991",40000,464,268
1668073373,2022-11-10T09:42:53Z,UAE97,"40.870956,25.838097",40000,464,269
1668073435,2022-11-10T09:43:55Z,UAE97,"40.869141,25.662376",40000,466,269
1668073498,2022-11-10T09:44:58Z,UAE97,"40.866989,25.487549",40000,468,269
1668073559,2022-11-10T09:45:59Z,UAE97,"40.864578,25.312063",40000,466,268
1668073621,2022-11-10T09:47:01Z,UAE97,"40.861786,25.132349",40000,465,268
1668073685,2022-11-10T09:48:05Z,UAE97,"40.858761,24.954882",40000,463,268
1668073747,2022-11-10T09:49:07Z,UAE97,"40.855499,24.778442",40000,462,268
1668073810,2022-11-10T09:50:10Z,UAE97,"40.851929,24.601013",40000,460,268
1668073872,2022-11-10T09:51:12Z,UAE97,"40.84819,24.427351",40000,455,268
1668073936,2022-11-10T09:52:16Z,UAE97,"40.844147,24.252014",40000,455,268
1668073996,2022-11-10T09:53:16Z,UAE97,"40.840092,24.086088",40000,454,268
1668074059,2022-11-10T09:54:19Z,UAE97,"40.835529,23.911556",40000,454,267
1668074121,2022-11-10T09:55:21Z,UAE97,"40.830917,23.743164",40000,451,267
1668074184,2022-11-10T09:56:24Z,UAE97,"40.825836,23.567688",40000,451,267
1668074244,2022-11-10T09:57:24Z,UAE97,"40.820801,23.402283",40000,450,267
1668074308,2022-11-10T09:58:28Z,UAE97,"40.815186,23.228407",40000,449,267
1668074370,2022-11-10T09:59:30Z,UAE97,"40.80954,23.060547",40000,450,267
1668074432,2022-11-10T10:00:32Z,UAE97,"40.806931,22.890564",40000,448,273
1668074494,2022-11-10T10:01:34Z,UAE97,"40.814163,22.722847",40000,448,272
1668074556,2022-11-10T10:02:36Z,UAE97,"40.818558,22.550659",40000,450,271
1668074617,2022-11-10T10:03:37Z,UAE97,"40.82259,22.382521",40000,452,271
1668074680,2022-11-10T10:04:40Z,UAE97,"40.826546,22.209862",40000,454,271
1668074742,2022-11-10T10:05:42Z,UAE97,"40.830093,22.039185",40000,452,271
1668074805,2022-11-10T10:06:45Z,UAE97,"40.833481,21.867537",40000,447,271
1668074866,2022-11-10T10:07:46Z,UAE97,"40.836506,21.700371",40000,444,271
1668074930,2022-11-10T10:08:50Z,UAE97,"40.839394,21.528959",40000,444,271
1668074992,2022-11-10T10:09:52Z,UAE97,"40.841995,21.358826",40000,447,271
1668075055,2022-11-10T10:10:55Z,UAE97,"40.84428,21.190817",40000,445,271
1668075117,2022-11-10T10:11:57Z,UAE97,"40.846283,21.026583",40000,444,270
1668075178,2022-11-10T10:12:58Z,UAE97,"40.84959,20.858231",40000,440,273
1668075239,2022-11-10T10:13:59Z,UAE97,"40.85778,20.697182",40000,442,273
1668075302,2022-11-10T10:15:02Z,UAE97,"40.864517,20.526062",40000,442,272
1668075363,2022-11-10T10:16:03Z,UAE97,"40.870815,20.362286",40000,439,272
1668075425,2022-11-10T10:17:05Z,UAE97,"40.876831,20.198486",40000,438,272
1668075487,2022-11-10T10:18:07Z,UAE97,"40.882828,20.030449",40000,440,272
1668075549,2022-11-10T10:19:09Z,UAE97,"40.888412,19.865967",40000,437,272
1668075612,2022-11-10T10:20:12Z,UAE97,"40.893768,19.700796",40000,436,272
1668075675,2022-11-10T10:21:15Z,UAE97,"40.906586,19.529724",40000,436,279
1668075736,2022-11-10T10:22:16Z,UAE97,"40.923,19.371393",40000,438,276
1668075801,2022-11-10T10:23:21Z,UAE97,"40.938904,19.198486",40000,440,276
1668075862,2022-11-10T10:24:22Z,UAE97,"40.953827,19.034668",40000,444,276
1668075923,2022-11-10T10:25:23Z,UAE97,"40.968437,18.871578",40000,440,276
1668075986,2022-11-10T10:26:26Z,UAE97,"40.983307,18.701904",40000,438,276
1668076049,2022-11-10T10:27:29Z,UAE97,"40.997906,18.533499",40000,437,276
1668076112,2022-11-10T10:28:32Z,UAE97,"41.012104,18.366644",40000,438,276
1668076175,2022-11-10T10:29:35Z,UAE97,"41.026016,18.199768",40000,436,276
1668076236,2022-11-10T10:30:36Z,UAE97,"41.038872,18.04286",40000,433,276
1668076297,2022-11-10T10:31:37Z,UAE97,"41.052044,17.879625",40000,430,276
1668076359,2022-11-10T10:32:39Z,UAE97,"41.064835,17.717651",40000,430,276
1668076420,2022-11-10T10:33:40Z,UAE97,"41.077423,17.556458",40000,430,275
1668076483,2022-11-10T10:34:43Z,UAE97,"41.089966,17.392273",40000,431,275
1668076546,2022-11-10T10:35:46Z,UAE97,"41.102322,17.226936",40000,432,275
1668076609,2022-11-10T10:36:49Z,UAE97,"41.114426,17.062391",40000,434,275
1668076670,2022-11-10T10:37:50Z,UAE97,"41.126015,16.901155",40000,434,275
1668076733,2022-11-10T10:38:53Z,UAE97,"41.137802,16.734131",40000,431,275
1668076796,2022-11-10T10:39:56Z,UAE97,"41.1492,16.56888",40000,430,275
1668076858,2022-11-10T10:40:58Z,UAE97,"41.160233,16.405834",40000,431,275
1668076921,2022-11-10T10:42:01Z,UAE97,"41.171219,16.239868",40000,429,274
1668076984,2022-11-10T10:43:04Z,UAE97,"41.182018,16.073372",40000,430,274
1668077047,2022-11-10T10:44:07Z,UAE97,"41.192368,15.909546",40000,432,274
1668077109,2022-11-10T10:45:09Z,UAE97,"41.202484,15.746033",40000,430,274
1668077172,2022-11-10T10:46:12Z,UAE97,"41.212555,15.579346",40000,431,274
1668077235,2022-11-10T10:47:15Z,UAE97,"41.22226,15.41394",40000,429,274
1668077296,2022-11-10T10:48:16Z,UAE97,"41.239609,15.25824",40000,431,281
1668077357,2022-11-10T10:49:17Z,UAE97,"41.261856,15.100159",40000,431,280
1668077419,2022-11-10T10:50:19Z,UAE97,"41.284573,14.93404",39550,436,280
1668077482,2022-11-10T10:51:22Z,UAE97,"41.307289,14.766873",36625,452,280
1668077543,2022-11-10T10:52:23Z,UAE97,"41.330009,14.59827",34025,458,280
1668077606,2022-11-10T10:53:26Z,UAE97,"41.352913,14.42611",31825,456,279
1668077667,2022-11-10T10:54:27Z,UAE97,"41.375164,14.256696",29900,444,279
1668077731,2022-11-10T10:55:31Z,UAE97,"41.396996,14.088242",28000,430,279
1668077791,2022-11-10T10:56:31Z,UAE97,"41.416901,13.933349",26225,417,279
1668077854,2022-11-10T10:57:34Z,UAE97,"41.436768,13.776107",24425,408,279
1668077915,2022-11-10T10:58:35Z,UAE97,"41.45517,13.629539",22900,396,279
1668077978,2022-11-10T10:59:38Z,UAE97,"41.473068,13.486217",21875,333,279
1668078040,2022-11-10T11:00:40Z,UAE97,"41.487911,13.363016",19875,319,279
1668078104,2022-11-10T11:01:44Z,UAE97,"41.502686,13.241834",18450,316,279
1668078166,2022-11-10T11:02:46Z,UAE97,"41.517151,13.122046",17250,306,279
1668078200,2022-11-10T11:03:20Z,UAE97,"41.524384,13.060996",16600,303,278
1668078233,2022-11-10T11:03:53Z,UAE97,"41.531578,13.000915",16325,301,279
1668078266,2022-11-10T11:04:26Z,UAE97,"41.539078,12.938586",16075,300,280
1668078274,2022-11-10T11:04:34Z,UAE97,"41.541824,12.924978",16025,302,288
1668078278,2022-11-10T11:04:38Z,UAE97,"41.543823,12.918836",16000,302,298
1668078281,2022-11-10T11:04:41Z,UAE97,"41.546402,12.91293",15950,302,303
1668078284,2022-11-10T11:04:44Z,UAE97,"41.54892,12.908311",15925,303,308
1668078287,2022-11-10T11:04:47Z,UAE97,"41.551132,12.904911",15900,304,312
1668078290,2022-11-10T11:04:50Z,UAE97,"41.554855,12.899929",15850,304,316
1668078293,2022-11-10T11:04:53Z,UAE97,"41.5578,12.896451",15800,304,318
1668078296,2022-11-10T11:04:56Z,UAE97,"41.561234,12.892581",15750,303,319
1668078299,2022-11-10T11:04:59Z,UAE97,"41.564392,12.888961",15700,302,319
1668078302,2022-11-10T11:05:02Z,UAE97,"41.567192,12.885813",15675,302,319
1668078305,2022-11-10T11:05:05Z,UAE97,"41.570263,12.8823",15625,301,319
1668078308,2022-11-10T11:05:08Z,UAE97,"41.573803,12.878212",15575,301,318
1668078311,2022-11-10T11:05:11Z,UAE97,"41.576797,12.874665",15525,300,318
1668078344,2022-11-10T11:05:44Z,UAE97,"41.610397,12.832718",14975,299,316
1668078377,2022-11-10T11:06:17Z,UAE97,"41.64386,12.790271",14400,297,316
1668078407,2022-11-10T11:06:47Z,UAE97,"41.673191,12.753339",13925,295,316
1668078440,2022-11-10T11:07:20Z,UAE97,"41.706802,12.711373",13350,294,316
1668078474,2022-11-10T11:07:54Z,UAE97,"41.739578,12.670545",12800,290,316
1668078506,2022-11-10T11:08:26Z,UAE97,"41.771484,12.630282",12250,285,316
1668078540,2022-11-10T11:09:00Z,UAE97,"41.803162,12.590457",11675,278,316
1668078553,2022-11-10T11:09:13Z,UAE97,"41.815083,12.575385",11475,275,316
1668078565,2022-11-10T11:09:25Z,UAE97,"41.825508,12.561716",11275,273,314
1668078577,2022-11-10T11:09:37Z,UAE97,"41.835022,12.548821",11100,271,314
1668078588,2022-11-10T11:09:48Z,UAE97,"41.846283,12.533216",10875,268,314
1668078599,2022-11-10T11:09:59Z,UAE97,"41.85614,12.519624",10700,267,314
1668078611,2022-11-10T11:10:11Z,UAE97,"41.866383,12.505507",10500,265,314
1668078623,2022-11-10T11:10:23Z,UAE97,"41.876671,12.491519",10300,263,314
1668078636,2022-11-10T11:10:36Z,UAE97,"41.88707,12.477347",10075,262,314
1668078647,2022-11-10T11:10:47Z,UAE97,"41.8979,12.463925",9900,261,323
1668078651,2022-11-10T11:10:51Z,UAE97,"41.9006,12.461562",9875,262,329
1668078653,2022-11-10T11:10:53Z,UAE97,"41.904053,12.459121",9850,263,335
1668078657,2022-11-10T11:10:57Z,UAE97,"41.907303,12.457346",9825,264,339
1668078659,2022-11-10T11:10:59Z,UAE97,"41.910702,12.45575",9800,264,341
1668078663,2022-11-10T11:11:03Z,UAE97,"41.914658,12.454153",9775,264,343
1668078666,2022-11-10T11:11:06Z,UAE97,"41.918148,12.452811",9750,264,344
1668078669,2022-11-10T11:11:09Z,UAE97,"41.921688,12.45147",9725,263,344
1668078672,2022-11-10T11:11:12Z,UAE97,"41.925179,12.450129",9700,263,344
1668078675,2022-11-10T11:11:15Z,UAE97,"41.928726,12.448821",9675,263,344
1668078677,2022-11-10T11:11:17Z,UAE97,"41.932114,12.44751",9650,263,344
1668078681,2022-11-10T11:11:21Z,UAE97,"41.935867,12.446074",9625,263,343
1668078693,2022-11-10T11:11:33Z,UAE97,"41.949875,12.440518",9525,263,343
1668078706,2022-11-10T11:11:46Z,UAE97,"41.964706,12.434464",9425,263,343
1668078717,2022-11-10T11:11:57Z,UAE97,"41.978481,12.428731",9325,262,342
1668078729,2022-11-10T11:12:09Z,UAE97,"41.99263,12.422853",9150,262,342
1668078742,2022-11-10T11:12:22Z,UAE97,"42.006912,12.416861",8925,261,342
1668078753,2022-11-10T11:12:33Z,UAE97,"42.020462,12.41118",8750,259,342
1668078766,2022-11-10T11:12:46Z,UAE97,"42.034103,12.405562",8575,257,342
1668078778,2022-11-10T11:12:58Z,UAE97,"42.047516,12.399987",8375,255,342
1668078790,2022-11-10T11:13:10Z,UAE97,"42.06134,12.394201",8175,253,342
1668078802,2022-11-10T11:13:22Z,UAE97,"42.074799,12.388554",7950,253,342
1668078814,2022-11-10T11:13:34Z,UAE97,"42.088764,12.382742",7725,253,342
1668078826,2022-11-10T11:13:46Z,UAE97,"42.101944,12.377222",7600,249,342
1668078838,2022-11-10T11:13:58Z,UAE97,"42.115173,12.371729",7500,243,343
1668078850,2022-11-10T11:14:10Z,UAE97,"42.127945,12.366486",7350,240,342
1668078863,2022-11-10T11:14:23Z,UAE97,"42.141037,12.360618",7175,237,337
1668078866,2022-11-10T11:14:26Z,UAE97,"42.143967,12.358746",7125,235,332
1668078869,2022-11-10T11:14:29Z,UAE97,"42.147373,12.355978",7075,234,324
1668078872,2022-11-10T11:14:32Z,UAE97,"42.149933,12.353168",7025,233,318
1668078876,2022-11-10T11:14:36Z,UAE97,"42.152771,12.34908",6950,232,308
1668078879,2022-11-10T11:14:39Z,UAE97,"42.154541,12.345699",6900,231,301
1668078882,2022-11-10T11:14:42Z,UAE97,"42.156265,12.341288",6850,231,294
1668078885,2022-11-10T11:14:45Z,UAE97,"42.157429,12.337199",6800,230,287
1668078888,2022-11-10T11:14:48Z,UAE97,"42.158173,12.333176",6725,230,281
1668078891,2022-11-10T11:14:51Z,UAE97,"42.158638,12.329215",6675,231,276
1668078894,2022-11-10T11:14:54Z,UAE97,"42.158779,12.324489",6625,231,269
1668078897,2022-11-10T11:14:57Z,UAE97,"42.158569,12.320044",6550,232,263
1668078900,2022-11-10T11:15:00Z,UAE97,"42.15802,12.315799",6475,232,258
1668078903,2022-11-10T11:15:03Z,UAE97,"42.157288,12.312097",6400,233,253
1668078906,2022-11-10T11:15:06Z,UAE97,"42.156189,12.308059",6350,234,246
1668078909,2022-11-10T11:15:09Z,UAE97,"42.154587,12.303814",6275,235,241
1668078912,2022-11-10T11:15:12Z,UAE97,"42.152912,12.300089",6200,236,237
1668078915,2022-11-10T11:15:15Z,UAE97,"42.151005,12.296384",6100,238,234
1668078918,2022-11-10T11:15:18Z,UAE97,"42.149002,12.29264",6050,239,233
1668078921,2022-11-10T11:15:21Z,UAE97,"42.147045,12.289103",5975,238,233
1668078924,2022-11-10T11:15:24Z,UAE97,"42.145092,12.285525",5925,239,233
1668078927,2022-11-10T11:15:27Z,UAE97,"42.143051,12.281778",5875,239,233
1668078930,2022-11-10T11:15:30Z,UAE97,"42.141129,12.27822",5825,239,234
1668078933,2022-11-10T11:15:33Z,UAE97,"42.139458,12.27505",5775,238,234
1668078945,2022-11-10T11:15:45Z,UAE97,"42.131836,12.260305",5625,236,235
1668078957,2022-11-10T11:15:57Z,UAE97,"42.124466,12.245574",5525,229,236
1668078969,2022-11-10T11:16:09Z,UAE97,"42.117344,12.231297",5425,225,236
1668078981,2022-11-10T11:16:21Z,UAE97,"42.11055,12.217691",5275,223,235
1668078993,2022-11-10T11:16:33Z,UAE97,"42.103546,12.203876",5050,224,235
1668079005,2022-11-10T11:16:45Z,UAE97,"42.096405,12.189768",4875,223,235
1668079012,2022-11-10T11:16:52Z,UAE97,"42.092834,12.182776",4800,222,235
1668079017,2022-11-10T11:16:57Z,UAE97,"42.089413,12.176045",4750,220,235
1668079023,2022-11-10T11:17:03Z,UAE97,"42.086109,12.169658",4725,216,235
1668079029,2022-11-10T11:17:09Z,UAE97,"42.08271,12.163015",4700,211,235
1668079035,2022-11-10T11:17:15Z,UAE97,"42.079926,12.15762",4700,205,235
1668079043,2022-11-10T11:17:23Z,UAE97,"42.075447,12.148899",4650,200,235
1668079049,2022-11-10T11:17:29Z,UAE97,"42.07251,12.143264",4600,196,235
1668079054,2022-11-10T11:17:34Z,UAE97,"42.069118,12.137274",4525,194,229
1668079058,2022-11-10T11:17:38Z,UAE97,"42.067116,12.134655",4475,194,219
1668079061,2022-11-10T11:17:41Z,UAE97,"42.065395,12.132931",4425,193,210
1668079064,2022-11-10T11:17:44Z,UAE97,"42.06218,12.130822",4400,192,201
1668079067,2022-11-10T11:17:47Z,UAE97,"42.059692,12.129843",4350,190,193
1668079070,2022-11-10T11:17:50Z,UAE97,"42.057667,12.129354",4325,189,186
1668079073,2022-11-10T11:17:53Z,UAE97,"42.054592,12.129098",4300,189,180
1668079076,2022-11-10T11:17:56Z,UAE97,"42.051846,12.129162",4250,189,176
1668079079,2022-11-10T11:17:59Z,UAE97,"42.049286,12.129481",4225,190,173
1668079082,2022-11-10T11:18:02Z,UAE97,"42.046635,12.130056",4175,190,169
1668079085,2022-11-10T11:18:05Z,UAE97,"42.044121,12.130694",4150,190,167
1668079088,2022-11-10T11:18:08Z,UAE97,"42.041336,12.131653",4100,190,165
1668079091,2022-11-10T11:18:11Z,UAE97,"42.038673,12.132611",4050,190,164
1668079094,2022-11-10T11:18:14Z,UAE97,"42.036251,12.133569",4025,191,163
1668079097,2022-11-10T11:18:17Z,UAE97,"42.034157,12.134463",3975,191,162
1668079100,2022-11-10T11:18:20Z,UAE97,"42.031319,12.135613",3950,191,162
1668079103,2022-11-10T11:18:23Z,UAE97,"42.028656,12.136771",3925,191,162
1668079106,2022-11-10T11:18:26Z,UAE97,"42.026241,12.137785",3900,191,162
1668079109,2022-11-10T11:18:29Z,UAE97,"42.024197,12.138679",3875,191,162
1668079112,2022-11-10T11:18:32Z,UAE97,"42.021332,12.139893",3825,191,162
1668079115,2022-11-10T11:18:35Z,UAE97,"42.018795,12.140979",3800,192,162
1668079122,2022-11-10T11:18:42Z,UAE97,"42.013138,12.143388",3750,191,162
1668079128,2022-11-10T11:18:48Z,UAE97,"42.008102,12.145511",3675,189,162
1668079134,2022-11-10T11:18:54Z,UAE97,"42.00293,12.147696",3575,189,162
1668079140,2022-11-10T11:19:00Z,UAE97,"41.997894,12.149755",3475,189,163
1668079146,2022-11-10T11:19:06Z,UAE97,"41.992817,12.151837",3375,188,163
1668079152,2022-11-10T11:19:12Z,UAE97,"41.987732,12.153937",3250,188,163
1668079158,2022-11-10T11:19:18Z,UAE97,"41.983089,12.155861",3150,187,162
1668079164,2022-11-10T11:19:24Z,UAE97,"41.977875,12.158096",3050,186,162
1668079169,2022-11-10T11:19:29Z,UAE97,"41.973358,12.160013",2975,186,162
1668079176,2022-11-10T11:19:36Z,UAE97,"41.968239,12.162185",2850,186,162
1668079181,2022-11-10T11:19:41Z,UAE97,"41.963333,12.164237",2750,184,162
1668079187,2022-11-10T11:19:47Z,UAE97,"41.958435,12.166297",2650,180,162
1668079194,2022-11-10T11:19:54Z,UAE97,"41.953537,12.168357",2550,178,162
1668079200,2022-11-10T11:20:00Z,UAE97,"41.948868,12.170355",2450,176,162
1668079205,2022-11-10T11:20:05Z,UAE97,"41.944405,12.172213",2375,174,162
1668079212,2022-11-10T11:20:12Z,UAE97,"41.939621,12.174225",2275,172,162
1668079218,2022-11-10T11:20:18Z,UAE97,"41.934998,12.17616",2200,170,162
1668079224,2022-11-10T11:20:24Z,UAE97,"41.930603,12.178033",2100,168,162
1668079230,2022-11-10T11:20:30Z,UAE97,"41.926296,12.179813",2000,168,162
1668079236,2022-11-10T11:20:36Z,UAE97,"41.921825,12.181666",1925,167,162
1668079242,2022-11-10T11:20:42Z,UAE97,"41.917217,12.183646",1825,167,162
1668079247,2022-11-10T11:20:47Z,UAE97,"41.912796,12.185498",1725,167,162
1668079253,2022-11-10T11:20:53Z,UAE97,"41.908401,12.187396",1625,165,162
1668079260,2022-11-10T11:21:00Z,UAE97,"41.904694,12.188956",1550,162,162
1668079266,2022-11-10T11:21:06Z,UAE97,"41.89962,12.191055",1475,159,162
1668079272,2022-11-10T11:21:12Z,UAE97,"41.895813,12.192639",1400,154,162
1668079278,2022-11-10T11:21:18Z,UAE97,"41.891567,12.194441",1325,148,162
1668079284,2022-11-10T11:21:24Z,UAE97,"41.887703,12.196038",1225,145,162
1668079290,2022-11-10T11:21:30Z,UAE97,"41.883682,12.197758",1150,143,162
1668079296,2022-11-10T11:21:36Z,UAE97,"41.879883,12.199359",1050,140,162
1668079302,2022-11-10T11:21:42Z,UAE97,"41.876205,12.200892",1000,136,163
1668079308,2022-11-10T11:21:48Z,UAE97,"41.87262,12.202361",925,134,162
1668079314,2022-11-10T11:21:54Z,UAE97,"41.869125,12.203876",850,133,162
1668079320,2022-11-10T11:22:00Z,UAE97,"41.866009,12.205172",800,131,162
1668079326,2022-11-10T11:22:06Z,UAE97,"41.862167,12.206809",725,133,162
1668079334,2022-11-10T11:22:14Z,UAE97,"41.857452,12.208744",650,133,162
1668079340,2022-11-10T11:22:20Z,UAE97,"41.854843,12.209868",575,132,162
1668079345,2022-11-10T11:22:25Z,UAE97,"41.850952,12.211491",500,132,162
1668079353,2022-11-10T11:22:33Z,UAE97,"41.84618,12.213539",400,136,162
1668079359,2022-11-10T11:22:39Z,UAE97,"41.842503,12.215073",350,136,162
1668079365,2022-11-10T11:22:45Z,UAE97,"41.838867,12.216547",250,136,162
1668079371,2022-11-10T11:22:51Z,UAE97,"41.835285,12.218075",200,135,162
1668079377,2022-11-10T11:22:57Z,UAE97,"41.831516,12.219671",125,135,162
1668079384,2022-11-10T11:23:04Z,UAE97,"41.828022,12.22114",50,135,162
1668079389,2022-11-10T11:23:09Z,UAE97,"41.825592,12.222165",0,138,162
1668079396,2022-11-10T11:23:16Z,UAE97,"41.820202,12.224398",0,138,162
1668079402,2022-11-10T11:23:22Z,UAE97,"41.816666,12.22591",0,138,162
1668079408,2022-11-10T11:23:28Z,UAE97,"41.81308,12.2274",0,138,162
1668079414,2022-11-10T11:23:34Z,UAE97,"41.809357,12.228997",0,137,162
1668079419,2022-11-10T11:23:39Z,UAE97,"41.806469,12.23021",0,138,162
1668079426,2022-11-10T11:23:46Z,UAE97,"41.802933,12.231616",0,112,162
1668079432,2022-11-10T11:23:52Z,UAE97,"41.800461,12.232683",0,88,163
1668079438,2022-11-10T11:23:58Z,UAE97,"41.798321,12.233573",0,64,163
1668079444,2022-11-10T11:24:04Z,UAE97,"41.796867,12.234197",0,40,163
1668079447,2022-11-10T11:24:07Z,UAE97,"41.796329,12.234463",0,37,157
1668079449,2022-11-10T11:24:09Z,UAE97,"41.796043,12.23465",0,35,154
1668079451,2022-11-10T11:24:11Z,UAE97,"41.795837,12.234806",0,33,151
1668079453,2022-11-10T11:24:13Z,UAE97,"41.795567,12.235033",0,31,149
1668079455,2022-11-10T11:24:15Z,UAE97,"41.795273,12.23532",0,30,143
1668079458,2022-11-10T11:24:18Z,UAE97,"41.794979,12.235648",0,28,140
1668079461,2022-11-10T11:24:21Z,UAE97,"41.79467,12.236023",0,25,137
1668079463,2022-11-10T11:24:23Z,UAE97,"41.794506,12.236246",0,24,135
1668079467,2022-11-10T11:24:27Z,UAE97,"41.794235,12.236631",0,20,135
1668079470,2022-11-10T11:24:30Z,UAE97,"41.794086,12.23685",0,17,132
1668079474,2022-11-10T11:24:34Z,UAE97,"41.793892,12.237131",0,14,132
1668079477,2022-11-10T11:24:37Z,UAE97,"41.793732,12.23735",0,12,132
1668079483,2022-11-10T11:24:43Z,UAE97,"41.793541,12.237619",0,9,132
1668079489,2022-11-10T11:24:49Z,UAE97,"41.793388,12.237864",0,8,129
1668079495,2022-11-10T11:24:55Z,UAE97,"41.793331,12.238145",0,9,112
1668079500,2022-11-10T11:25:00Z,UAE97,"41.793365,12.238411",0,10,95
1668079505,2022-11-10T11:25:05Z,UAE97,"41.793495,12.238626",0,9,70
1668079510,2022-11-10T11:25:10Z,UAE97,"41.79372,12.238754",0,9,39
1668079515,2022-11-10T11:25:15Z,UAE97,"41.793934,12.238738",0,9,16
1668079521,2022-11-10T11:25:21Z,UAE97,"41.794155,12.238629",0,9,354
1668079526,2022-11-10T11:25:26Z,UAE97,"41.794365,12.238498",0,10,345
1668079531,2022-11-10T11:25:31Z,UAE97,"41.794567,12.238411",0,11,343
1668079535,2022-11-10T11:25:35Z,UAE97,"41.794796,12.238317",0,12,343
1668079541,2022-11-10T11:25:41Z,UAE97,"41.795139,12.238145",0,14,343
1668079547,2022-11-10T11:25:47Z,UAE97,"41.795517,12.237988",0,15,343
1668079553,2022-11-10T11:25:53Z,UAE97,"41.795925,12.237827",0,15,343
1668079558,2022-11-10T11:25:58Z,UAE97,"41.796276,12.237683",0,13,343
1668079565,2022-11-10T11:26:05Z,UAE97,"41.796581,12.237568",0,9,343
1668079570,2022-11-10T11:26:10Z,UAE97,"41.796799,12.237476",0,10,343
1668079577,2022-11-10T11:26:17Z,UAE97,"41.797089,12.237365",0,11,343
1668079583,2022-11-10T11:26:23Z,UAE97,"41.797382,12.237252",0,11,343
1668079589,2022-11-10T11:26:29Z,UAE97,"41.797646,12.237146",0,9,343
1668079594,2022-11-10T11:26:34Z,UAE97,"41.797871,12.237061",0,8,343
1668079601,2022-11-10T11:26:41Z,UAE97,"41.798092,12.237146",0,8,5
1668079606,2022-11-10T11:26:46Z,UAE97,"41.798206,12.237349",0,9,28
1668079610,2022-11-10T11:26:50Z,UAE97,"41.798275,12.237568",0,9,47
1668079614,2022-11-10T11:26:54Z,UAE97,"41.798325,12.237796",0,10,59
1668079618,2022-11-10T11:26:58Z,UAE97,"41.798389,12.238036",0,10,64
1668079623,2022-11-10T11:27:03Z,UAE97,"41.798473,12.238355",0,11,67
1668079627,2022-11-10T11:27:07Z,UAE97,"41.798546,12.238626",0,12,70
1668079631,2022-11-10T11:27:11Z,UAE97,"41.79863,12.238894",0,13,70
1668079634,2022-11-10T11:27:14Z,UAE97,"41.798695,12.23912",0,13,70
1668079640,2022-11-10T11:27:20Z,UAE97,"41.798824,12.239534",0,12,70
1668079646,2022-11-10T11:27:26Z,UAE97,"41.79895,12.239935",0,12,70
1668079652,2022-11-10T11:27:32Z,UAE97,"41.799068,12.240318",0,10,70
1668079658,2022-11-10T11:27:38Z,UAE97,"41.799133,12.240658",0,10,75
1668079662,2022-11-10T11:27:42Z,UAE97,"41.799137,12.240877",0,10,84
1668079665,2022-11-10T11:27:45Z,UAE97,"41.799126,12.241101",0,10,90
1668079669,2022-11-10T11:27:49Z,UAE97,"41.799126,12.241357",0,11,90
1668079673,2022-11-10T11:27:53Z,UAE97,"41.799156,12.24161",0,11,87
1668079678,2022-11-10T11:27:58Z,UAE97,"41.799213,12.241969",0,12,81
1668079682,2022-11-10T11:28:02Z,UAE97,"41.799282,12.242281",0,12,75
1668079688,2022-11-10T11:28:08Z,UAE97,"41.799393,12.24265",0,13,70
1668079691,2022-11-10T11:28:11Z,UAE97,"41.799465,12.242874",0,12,70
1668079694,2022-11-10T11:28:14Z,UAE97,"41.799522,12.243093",0,9,70
1668079699,2022-11-10T11:28:19Z,UAE97,"41.79958,12.243311",0,6,70
1668079705,2022-11-10T11:28:25Z,UAE97,"41.799568,12.243528",0,6,84
1668079713,2022-11-10T11:28:33Z,UAE97,"41.799419,12.243748",0,6,112
1668079721,2022-11-10T11:28:41Z,UAE97,"41.79921,12.243832",0,5,137
1668079730,2022-11-10T11:28:50Z,UAE97,"41.799057,12.244087",0,7,132
1668079737,2022-11-10T11:28:57Z,UAE97,"41.798973,12.244356",0,7,120
1668079742,2022-11-10T11:29:02Z,UAE97,"41.798893,12.244575",0,8,118
1668079748,2022-11-10T11:29:08Z,UAE97,"41.798779,12.244793",0,7,123
1668079755,2022-11-10T11:29:15Z,UAE97,"41.798649,12.244997",0,5,129
1668079764,2022-11-10T11:29:24Z,UAE97,"41.798515,12.245214",0,6,129
1668079776,2022-11-10T11:29:36Z,UAE97,"41.798336,12.245524",0,4,129
1668079798,2022-11-10T11:29:58Z,UAE97,"41.798149,12.245823",0,1,132
