time,lat,lon,alt,VN,VE,VD
0.652420,58.005056800,56.331286500,157.636,0.001,-0.001,-0.007
1.652400,58.005056800,56.331286500,157.645,0.001,0.004,-0.009
2.652400,58.005056800,56.331286500,157.649,-0.002,-0.001,-0.005
3.652400,58.005056700,56.331286400,157.651,0.001,0.001,-0.018
4.652400,58.005056700,56.331286400,157.655,-0.001,0.002,-0.009
5.652380,58.005056700,56.331286400,157.657,0.002,0.006,-0.004
6.652380,58.005056700,56.331286500,157.661,0.000,0.009,-0.005
7.652380,58.005056800,56.331286500,157.657,0.000,0.001,0.000
8.652380,58.005056800,56.331286500,157.657,-0.002,0.005,-0.011
9.652360,58.005056800,56.331286500,157.657,0.002,0.002,-0.001
10.652360,58.005056800,56.331286400,157.657,-0.002,0.002,0.001
11.652360,58.005056800,56.331286400,157.658,0.001,0.005,-0.003
12.652360,58.005056800,56.331286500,157.653,-0.003,0.003,0.000
13.652340,58.005056800,56.331286400,157.644,0.000,-0.002,-0.004
14.652340,58.005056800,56.331286300,157.643,-0.002,0.001,-0.012
15.652340,58.005056800,56.331286300,157.644,-0.003,0.002,-0.013
16.652340,58.005056800,56.331286200,157.636,0.001,-0.004,-0.007
17.652340,58.005056900,56.331286100,157.624,-0.001,-0.001,0.000
18.652320,58.005056800,56.331286100,157.603,-0.003,-0.001,-0.002
19.652320,58.005056900,56.331287500,157.597,0.000,0.131,-0.012
20.652320,58.005055800,56.331300000,157.603,-0.181,0.999,-0.033
21.652320,58.005051700,56.331328400,157.619,-0.575,1.982,-0.045
22.652300,58.005045100,56.331377200,157.626,-0.817,3.275,-0.041
23.652300,58.005040300,56.331451300,157.672,-0.410,4.863,-0.069
24.652300,58.005040800,56.331547400,157.728,0.257,6.041,-0.095
25.652300,58.005045500,56.331659300,157.784,0.632,6.862,-0.079
26.652280,58.005052700,56.331779100,157.885,0.867,7.184,-0.132
27.652280,58.005061300,56.331895500,157.995,0.988,6.750,-0.135
28.652280,58.005071300,56.332006500,158.127,1.148,6.490,-0.153
29.652280,58.005083800,56.332113600,158.233,1.492,6.268,-0.131
30.652260,58.005100600,56.332212600,158.367,2.038,5.682,-0.175
31.652260,58.005122400,56.332299600,158.535,2.577,4.920,-0.200
32.652260,58.005145500,56.332376600,158.649,2.570,4.406,-0.134
33.652260,58.005166000,56.332447700,158.778,2.149,4.123,-0.163
34.652240,58.005185300,56.332531600,158.975,2.148,5.330,-0.229
35.652240,58.005202600,56.332645100,159.231,1.822,7.301,-0.269
36.652240,58.005214200,56.332791200,159.516,1.064,9.213,-0.293
37.652240,58.005225800,56.332966700,159.855,1.372,10.879,-0.350
38.652220,58.005240600,56.333167000,160.219,1.760,12.254,-0.368
39.652220,58.005257100,56.333384100,160.623,1.868,13.086,-0.407
40.652220,58.005273800,56.333611000,161.015,1.848,13.554,-0.395
41.652220,58.005289100,56.333838700,161.358,1.624,13.420,-0.338
42.652200,58.005302700,56.334059600,161.644,1.461,12.908,-0.295
43.652200,58.005315200,56.334275200,161.904,1.345,12.677,-0.271
44.652200,58.005326800,56.334490200,162.160,1.258,12.724,-0.256
45.652200,58.005338200,56.334707700,162.369,1.278,12.920,-0.234
46.652180,58.005349400,56.334928900,162.544,1.222,13.144,-0.192
47.652180,58.005360500,56.335152500,162.707,1.235,13.250,-0.170
48.652180,58.005371000,56.335370300,162.812,1.137,12.723,-0.118
49.652180,58.005380700,56.335570700,163.007,1.065,11.464,-0.227
50.652160,58.005388600,56.335743900,163.038,0.824,9.725,-0.082
51.652160,58.005395900,56.335885500,163.060,0.800,7.802,-0.053
52.652160,58.005406600,56.335989200,163.088,1.359,5.415,-0.051
53.652160,58.005426700,56.336056600,163.131,2.627,3.380,-0.077
54.652140,58.005457100,56.336086100,163.186,3.703,1.064,-0.105
55.652140,58.005486600,56.336075100,163.162,3.099,-1.362,-0.009
56.652140,58.005505700,56.336032200,163.087,1.699,-3.028,0.041
57.652140,58.005510700,56.335962000,163.036,0.062,-4.622,0.016
58.652120,58.005505900,56.335865500,162.992,-0.791,-6.161,0.012
59.652120,58.005499100,56.335742600,162.877,-0.722,-7.724,0.057
60.652120,58.005493800,56.335594900,162.791,-0.531,-9.163,0.060
61.652120,58.005490200,56.335430500,162.714,-0.355,-9.947,0.054
62.652100,58.005487100,56.335256800,162.616,-0.363,-10.400,0.089
63.652100,58.005483100,56.335074900,162.495,-0.502,-10.892,0.120
64.652100,58.005477700,56.334887600,162.363,-0.653,-11.144,0.110
65.652100,58.005471200,56.334697000,162.198,-0.763,-11.316,0.144
66.652080,58.005463800,56.334503500,162.007,-0.835,-11.487,0.166
67.652080,58.005456100,56.334306600,161.788,-0.880,-11.694,0.199
68.652080,58.005448100,56.334107000,161.548,-0.898,-11.847,0.226
69.652080,58.005439800,56.333906300,161.276,-0.953,-11.865,0.270
70.652080,58.005430500,56.333705900,160.978,-1.069,-11.840,0.278
71.652060,58.005420800,56.333505500,160.650,-1.073,-11.841,0.298
72.652060,58.005411800,56.333304800,160.326,-0.970,-11.875,0.310
73.652060,58.005402800,56.333102900,159.961,-1.019,-11.961,0.339
74.652060,58.005392900,56.332899600,159.549,-1.132,-12.039,0.392
75.652040,58.005382500,56.332694500,159.120,-1.172,-12.167,0.423
76.652040,58.005371800,56.332487300,158.695,-1.219,-12.280,0.415
77.652040,58.005361000,56.332278300,158.278,-1.200,-12.389,0.404
78.652040,58.005350600,56.332067700,157.895,-1.143,-12.473,0.364
79.652020,58.005340900,56.331855900,157.569,-1.068,-12.542,0.309
80.652020,58.005331600,56.331643700,157.300,-1.024,-12.551,0.255
81.652020,58.005322500,56.331431900,157.075,-1.016,-12.512,0.211
82.652020,58.005313400,56.331221100,156.922,-1.017,-12.444,0.134
83.652000,58.005303700,56.331011900,156.823,-1.111,-12.335,0.083
84.652000,58.005293400,56.330805200,156.789,-1.175,-12.172,0.013
85.652000,58.005283200,56.330601300,156.783,-1.122,-12.007,-0.010
86.652000,58.005273200,56.330400400,156.816,-1.110,-11.823,-0.041
87.651980,58.005263400,56.330202800,156.857,-1.076,-11.619,-0.053
88.651980,58.005254100,56.330012000,156.961,-1.021,-11.138,-0.126
89.651980,58.005245400,56.329831000,157.106,-0.956,-10.510,-0.152
90.651980,58.005237000,56.329661400,157.291,-0.931,-9.817,-0.197
91.651960,58.005229200,56.329506300,157.503,-0.834,-8.895,-0.228
92.651960,58.005222600,56.329376000,157.684,-0.694,-7.182,-0.183
93.651960,58.005217600,56.329276400,157.833,-0.504,-5.334,-0.154
94.651960,58.005214400,56.329211200,157.903,-0.277,-3.213,-0.080
95.651940,58.005212800,56.329174500,157.952,-0.142,-1.715,-0.053
96.651940,58.005211900,56.329156500,157.980,-0.067,-0.792,-0.037
97.651940,58.005211800,56.329152600,157.981,0.002,0.017,-0.008
98.651940,58.005211800,56.329152800,157.964,0.000,0.003,0.005
99.651920,58.005211700,56.329152800,157.950,-0.002,0.002,0.001
100.651920,58.005211700,56.329152700,157.945,-0.004,-0.003,-0.009
101.651920,58.005211700,56.329152700,157.941,-0.005,-0.002,-0.003
102.651920,58.005211700,56.329152600,157.925,0.001,-0.002,0.009
103.651900,58.005211700,56.329152600,157.917,0.002,0.003,0.000
104.651900,58.005211800,56.329152600,157.910,0.003,0.000,0.001
105.651900,58.005211800,56.329152600,157.905,0.005,0.000,0.001
106.651900,58.005211900,56.329152500,157.903,-0.001,-0.001,-0.005
107.651880,58.005211900,56.329152400,157.898,0.002,-0.007,0.002
108.651880,58.005211900,56.329152400,157.886,0.000,0.001,-0.001
109.651880,58.005211900,56.329152300,157.883,0.000,0.001,-0.001
110.651880,58.005211900,56.329152400,157.891,0.002,0.006,-0.006
111.651860,58.005211900,56.329152500,157.889,0.002,0.003,0.000
112.651860,58.005212000,56.329152500,157.898,-0.002,0.000,-0.006
113.651860,58.005212000,56.329152500,157.905,0.002,0.003,-0.006
114.651860,58.005212000,56.329152600,157.916,0.003,0.005,-0.001
115.651840,58.005212100,56.329152600,157.926,0.003,0.003,-0.012
116.651840,58.005212200,56.329152600,157.924,0.009,-0.002,0.001
117.651840,58.005212200,56.329152500,157.926,-0.002,-0.005,0.000
118.651840,58.005212200,56.329152400,157.932,-0.001,0.001,-0.005
119.651820,58.005212200,56.329152400,157.938,0.001,-0.002,-0.004
120.651820,58.005212300,56.329152300,157.946,0.001,-0.001,-0.006
121.651820,58.005212300,56.329152200,157.955,0.003,0.002,-0.004
122.651820,58.005212300,56.329152200,157.958,0.000,0.001,0.002
123.651800,58.005212400,56.329152100,157.964,0.002,0.000,0.000
124.651800,58.005212400,56.329152000,157.966,0.002,-0.004,-0.001
125.651800,58.005212400,56.329152000,157.967,-0.001,0.000,0.001
126.651800,58.005212400,56.329151900,157.972,-0.002,0.002,-0.005
127.651780,58.005212400,56.329151900,157.972,0.002,0.002,0.002
128.651780,58.005212400,56.329151900,157.970,0.002,0.001,0.001
129.651780,58.005212500,56.329151800,157.971,0.002,-0.001,0.004
130.651780,58.005212500,56.329151800,157.977,0.004,0.000,-0.001
131.651760,58.005212500,56.329151800,157.980,0.001,0.000,-0.002
132.651760,58.005212500,56.329151700,157.987,-0.004,0.001,0.001
133.651760,58.005212500,56.329151700,157.994,0.002,-0.001,-0.009
134.651760,58.005212600,56.329151700,157.999,0.003,0.000,-0.002
135.651740,58.005212600,56.329151600,158.002,0.003,0.001,-0.001
136.651740,58.005212600,56.329151600,158.002,-0.001,0.000,0.002
137.651740,58.005212600,56.329151600,158.002,0.003,0.000,0.002
138.651740,58.005212600,56.329151500,158.008,-0.002,0.000,-0.004
139.651720,58.005212600,56.329151500,158.014,-0.004,0.000,-0.008
140.651720,58.005212600,56.329151600,158.023,-0.001,0.002,-0.007
141.651720,58.005212700,56.329151600,158.024,-0.002,0.003,-0.005
142.651720,58.005212700,56.329151600,158.029,0.002,0.001,-0.006
143.651700,58.005212800,56.329151700,158.034,0.003,0.000,0.002
144.651700,58.005212800,56.329151600,158.040,0.003,-0.004,-0.001
145.651700,58.005212800,56.329151600,158.044,0.001,0.000,-0.002
146.651700,58.005212900,56.329151600,158.052,-0.002,0.001,-0.002
147.651680,58.005212900,56.329151700,158.054,0.000,0.004,-0.003
148.651680,58.005213000,56.329151700,158.053,0.000,0.001,0.000
149.651680,58.005213000,56.329151700,158.047,0.000,-0.001,0.005
150.651680,58.005213000,56.329151600,158.055,-0.002,-0.002,-0.009
151.651660,58.005213100,56.329151600,158.063,0.000,0.000,-0.009
152.651660,58.005213100,56.329151500,158.059,0.001,-0.001,0.001
153.651660,58.005213200,56.329151500,158.051,0.004,0.003,0.005
154.651660,58.005213100,56.329151500,158.047,-0.007,-0.003,-0.004
155.651660,58.005213100,56.329151400,158.061,-0.002,-0.002,-0.011
156.651640,58.005213200,56.329151400,158.067,0.000,0.000,-0.003
157.651640,58.005213200,56.329151400,158.072,-0.001,0.002,-0.002
158.651640,58.005213300,56.329151300,158.075,0.001,0.000,0.001
159.651640,58.005213300,56.329151300,158.081,0.001,0.003,-0.002
160.651620,58.005213400,56.329151200,158.088,0.001,0.000,-0.003
161.651620,58.005213500,56.329151200,158.104,-0.002,0.003,-0.006
162.651620,58.005213500,56.329151200,158.117,0.002,0.003,-0.003
163.651620,58.005213600,56.329151100,158.120,0.002,0.001,0.006
164.651600,58.005213700,56.329151100,158.123,0.000,0.002,0.003
165.651600,58.005213800,56.329151000,158.133,0.001,0.002,-0.006
166.651600,58.005213900,56.329151000,158.148,0.000,0.001,-0.008
167.651600,58.005213900,56.329150900,158.156,0.002,-0.002,-0.003
168.651580,58.005214100,56.329150700,158.158,0.004,-0.003,0.001
169.651580,58.005214200,56.329150600,158.163,0.005,-0.001,-0.008
170.651580,58.005214300,56.329150500,158.161,0.002,-0.002,-0.004
171.651580,58.005214300,56.329150400,158.154,0.003,-0.001,0.003
172.651560,58.005214400,56.329150400,158.146,-0.002,0.002,-0.002
173.651560,58.005214500,56.329150300,158.142,0.001,0.001,-0.006
174.651560,58.005214600,56.329150300,158.139,0.004,0.001,0.005
175.651560,58.005214600,56.329150300,158.135,0.001,0.001,0.002
176.651540,58.005214700,56.329150300,158.134,-0.002,-0.001,-0.005
177.651540,58.005214700,56.329150300,158.139,0.003,-0.002,-0.003
178.651540,58.005214700,56.329150300,158.141,-0.001,0.000,-0.002
179.651540,58.005214800,56.329150300,158.141,0.002,-0.004,0.000
180.651520,58.005214800,56.329150100,158.135,-0.001,-0.014,0.003
181.651520,58.005214500,56.329144700,158.145,-0.050,-0.454,-0.014
182.651520,58.005213500,56.329122900,158.209,-0.141,-1.651,-0.063
183.651520,58.005211400,56.329079200,158.279,-0.273,-2.987,-0.078
184.651500,58.005207900,56.329011500,158.416,-0.446,-4.444,-0.141
185.651500,58.005202800,56.328922400,158.588,-0.606,-5.623,-0.186
186.651500,58.005197200,56.328816500,158.782,-0.629,-6.540,-0.200
187.651500,58.005191400,56.328697600,158.994,-0.660,-7.251,-0.218
188.651480,58.005184700,56.328566800,159.233,-0.778,-7.941,-0.245
189.651480,58.005177400,56.328430400,159.474,-0.822,-8.125,-0.250
190.651480,58.005169700,56.328291300,159.734,-0.860,-8.271,-0.265
191.651480,58.005161700,56.328149500,159.990,-0.898,-8.432,-0.257
192.651460,58.005154300,56.328007500,160.300,-0.784,-8.391,-0.320
193.651460,58.005148100,56.327869700,160.581,-0.639,-8.055,-0.272
194.651460,58.005142700,56.327735200,160.843,-0.580,-7.913,-0.262
195.651460,58.005136600,56.327601400,161.086,-0.697,-7.924,-0.248
196.651440,58.005129700,56.327466800,161.314,-0.783,-7.976,-0.240
197.651440,58.005122700,56.327329800,161.535,-0.768,-8.164,-0.229
198.651440,58.005116200,56.327188300,161.830,-0.716,-8.448,-0.326
199.651440,58.005109600,56.327040100,162.064,-0.755,-8.880,-0.257
200.651420,58.005102400,56.326880500,162.288,-0.830,-9.676,-0.251
201.651420,58.005094800,56.326712700,162.535,-0.856,-10.017,-0.267
202.651420,58.005086800,56.326540400,162.756,-0.919,-10.257,-0.241
203.651420,58.005078600,56.326363300,162.887,-0.911,-10.557,-0.148
204.651400,58.005070300,56.326190700,163.018,-0.928,-10.056,-0.136
205.651400,58.005062400,56.326028000,163.115,-0.867,-9.433,-0.104
206.651400,58.005054900,56.325874400,163.194,-0.826,-8.924,-0.086
207.651400,58.005047800,56.325725900,163.270,-0.773,-8.721,-0.091
208.651380,58.005041000,56.325580600,163.336,-0.749,-8.525,-0.079
209.651380,58.005034400,56.325437900,163.310,-0.747,-8.384,-0.001
210.651380,58.005026600,56.325293700,163.287,-0.904,-8.593,0.019
211.651380,58.005017500,56.325147000,163.256,-1.044,-8.709,0.033
212.651360,58.005006900,56.325001400,163.233,-1.207,-8.584,0.035
213.651360,58.004995500,56.324855100,163.213,-1.284,-8.692,0.038
214.651360,58.004983700,56.324709800,163.200,-1.317,-8.565,0.031
215.651360,58.004971000,56.324568600,163.190,-1.426,-8.265,0.033
216.651340,58.004955400,56.324434000,163.189,-1.846,-7.833,0.023
217.651340,58.004933700,56.324308700,163.202,-2.656,-7.235,-0.002
218.651340,58.004907400,56.324192000,163.188,-3.029,-6.770,0.032
219.651340,58.004881000,56.324077500,163.186,-2.888,-6.787,0.019
220.651320,58.004857200,56.323958200,163.155,-2.525,-7.191,0.035
221.651320,58.004837200,56.323833200,163.107,-2.087,-7.482,0.056
222.651320,58.004821200,56.323703300,163.062,-1.634,-7.766,0.050
223.651320,58.004807100,56.323570200,163.034,-1.531,-7.917,0.054
224.651300,58.004792500,56.323437300,163.033,-1.643,-7.839,0.034
225.651300,58.004776500,56.323305500,163.021,-1.810,-7.778,0.042
226.651300,58.004759600,56.323175500,163.012,-1.902,-7.652,0.036
227.651300,58.004742200,56.323045700,162.977,-1.924,-7.694,0.062
228.651280,58.004726400,56.322912400,162.955,-1.692,-7.962,0.032
229.651280,58.004713500,56.322777400,162.856,-1.353,-7.981,0.115
230.651280,58.004703600,56.322642500,162.646,-1.015,-7.961,0.199
231.651280,58.004694900,56.322507000,162.445,-0.974,-8.029,0.182
232.651260,58.004685900,56.322364700,162.234,-1.023,-8.575,0.220
233.651260,58.004676700,56.322213600,161.952,-1.011,-9.099,0.314
234.651260,58.004668400,56.322055800,161.520,-0.876,-9.437,0.454
235.651260,58.004660800,56.321894000,161.045,-0.854,-9.619,0.462
236.651240,58.004653000,56.321727700,160.538,-0.888,-9.915,0.490
237.651240,58.004645100,56.321555200,159.972,-0.918,-10.295,0.517
238.651240,58.004637000,56.321375700,159.381,-0.938,-10.730,0.555
239.651240,58.004627900,56.321189100,158.868,-1.009,-11.189,0.566
240.651220,58.004618600,56.320994400,158.269,-1.037,-11.647,0.595
241.651220,58.004609200,56.320792200,157.673,-1.032,-12.093,0.609
242.651220,58.004599600,56.320583000,157.014,-1.054,-12.489,0.664
243.651220,58.004589600,56.320370800,156.371,-1.120,-12.564,0.634
244.651200,58.004578700,56.320156400,155.694,-1.240,-12.718,0.677
245.651200,58.004566900,56.319937500,155.004,-1.324,-13.035,0.678
246.651200,58.004554400,56.319716000,154.297,-1.382,-13.118,0.688
247.651200,58.004539800,56.319492700,153.576,-1.699,-13.245,0.716
248.651180,58.004520900,56.319267100,152.895,-2.264,-13.389,0.681
249.651180,58.004495900,56.319042100,152.224,-2.988,-13.272,0.684
250.651180,58.004463100,56.318820300,151.510,-3.929,-13.054,0.705
251.651180,58.004422500,56.318603100,150.800,-4.766,-12.757,0.686
252.651160,58.004374600,56.318391100,150.109,-5.569,-12.445,0.680
253.651160,58.004319100,56.318185600,149.385,-6.468,-12.011,0.707
254.651160,58.004255200,56.317989000,148.663,-7.383,-11.464,0.723
255.651160,58.004184300,56.317801000,147.952,-8.100,-10.961,0.705
256.651140,58.004107500,56.317621100,147.259,-8.735,-10.490,0.688
257.651140,58.004025100,56.317450100,146.547,-9.346,-9.941,0.711
258.651140,58.003937300,56.317289600,145.941,-9.942,-9.297,0.579
259.651140,58.003845600,56.317139800,145.510,-10.312,-8.664,0.396
260.651120,58.003751500,56.316998900,145.255,-10.533,-8.183,0.230
261.651120,58.003655600,56.316863700,145.193,-10.729,-7.918,0.027
262.651120,58.003556100,56.316736700,145.221,-11.222,-7.329,-0.030
263.651120,58.003451900,56.316618300,145.254,-11.752,-6.856,-0.027
264.651100,58.003341700,56.316513600,145.304,-12.477,-5.899,-0.055
265.651100,58.003224400,56.316426300,145.256,-13.323,-4.843,0.060
266.651100,58.003098200,56.316350100,145.145,-14.368,-4.355,0.123
267.651100,58.002963900,56.316276100,145.079,-15.200,-4.387,0.060
268.651080,58.002825600,56.316202000,145.034,-15.494,-4.376,0.044
269.651080,58.002684700,56.316128100,144.983,-15.760,-4.375,0.053
270.651080,58.002541700,56.316052400,144.919,-15.993,-4.510,0.066
271.651080,58.002397400,56.315975500,144.848,-16.093,-4.569,0.074
272.651060,58.002255100,56.315899000,144.800,-15.743,-4.497,0.042
273.651060,58.002115900,56.315825500,144.737,-15.391,-4.279,0.066
274.651060,58.001983000,56.315755900,144.659,-14.533,-4.040,0.076
275.651060,58.001855200,56.315688600,144.563,-14.097,-3.949,0.094
276.651040,58.001731200,56.315622400,144.446,-13.683,-3.893,0.119
277.651040,58.001615500,56.315557500,144.435,-12.531,-3.815,-0.005
278.651040,58.001514200,56.315485000,144.512,-10.732,-4.488,-0.104
279.651040,58.001428000,56.315390700,144.649,-9.111,-6.040,-0.153
280.651020,58.001351500,56.315279800,144.778,-8.263,-6.769,-0.128
281.651020,58.001271800,56.315183100,144.965,-9.147,-5.252,-0.190
282.651020,58.001180800,56.315108500,145.214,-10.568,-4.040,-0.261
283.651020,58.001080600,56.315032400,145.538,-11.419,-4.688,-0.341
284.651000,58.000973400,56.314943000,145.928,-12.165,-5.528,-0.402
285.651000,58.000860300,56.314838900,146.443,-12.775,-6.420,-0.536
286.651000,58.000742400,56.314720400,147.043,-13.287,-7.247,-0.634
287.651000,58.000620500,56.314589000,147.665,-13.705,-7.991,-0.642
288.650980,58.000496800,56.314444500,148.298,-13.809,-8.767,-0.651
289.650980,58.000374200,56.314287600,148.968,-13.596,-9.491,-0.693
290.650980,58.000253700,56.314120800,149.657,-13.347,-10.022,-0.706
291.650980,58.000135000,56.313944600,150.375,-13.168,-10.575,-0.746
292.650960,58.000017200,56.313760600,151.145,-13.105,-11.008,-0.792
293.650960,57.999900500,56.313569500,151.941,-12.956,-11.421,-0.816
294.650960,57.999785300,56.313373800,152.709,-12.772,-11.620,-0.782
295.650960,57.999671000,56.313176000,153.474,-12.721,-11.716,-0.784
296.650940,57.999556100,56.312975300,154.257,-12.822,-11.928,-0.804
297.650940,57.999440100,56.312770500,155.006,-12.962,-12.178,-0.758
298.650940,57.999323200,56.312562900,155.775,-13.051,-12.304,-0.792
299.650940,57.999206600,56.312354700,156.589,-12.951,-12.314,-0.819
300.650920,57.999092400,56.312147600,157.370,-12.610,-12.209,-0.789
301.650920,57.998981000,56.311941800,158.136,-12.308,-12.150,-0.771
302.650920,57.998871700,56.311737200,158.895,-12.110,-12.072,-0.762
303.650920,57.998762600,56.311535300,159.658,-12.156,-11.873,-0.762
304.650900,57.998652100,56.311336100,160.430,-12.372,-11.744,-0.771
305.650900,57.998540200,56.311138500,161.197,-12.498,-11.658,-0.763
306.650900,57.998427400,56.310942200,161.953,-12.585,-11.587,-0.747
307.650900,57.998314200,56.310747900,162.717,-12.608,-11.455,-0.765
308.650880,57.998201300,56.310554900,163.466,-12.555,-11.394,-0.743
309.650880,57.998088600,56.310362600,164.197,-12.543,-11.362,-0.725
310.650880,57.997976100,56.310170300,164.882,-12.525,-11.371,-0.683
311.650880,57.997863600,56.309977900,165.532,-12.530,-11.380,-0.641
312.650860,57.997750800,56.309785300,166.160,-12.571,-11.397,-0.628
313.650860,57.997637700,56.309592100,166.769,-12.608,-11.433,-0.606
314.650860,57.997524200,56.309398500,167.321,-12.652,-11.450,-0.553
315.650860,57.997410400,56.309204600,167.792,-12.696,-11.464,-0.475
316.650840,57.997296800,56.309011400,168.237,-12.629,-11.401,-0.453
317.650840,57.997184500,56.308817400,168.637,-12.452,-11.490,-0.409
318.650840,57.997074600,56.308621900,169.026,-12.148,-11.590,-0.402
319.650840,57.996967100,56.308424500,169.341,-11.901,-11.696,-0.312
320.650820,57.996860600,56.308227200,169.654,-11.845,-11.649,-0.320
321.650820,57.996754300,56.308030800,169.926,-11.826,-11.594,-0.279
322.650820,57.996647800,56.307835800,170.209,-11.883,-11.505,-0.292
323.650820,57.996540600,56.307642000,170.488,-11.957,-11.439,-0.280
324.650800,57.996432500,56.307450500,170.768,-12.070,-11.276,-0.292
325.650800,57.996323200,56.307261600,171.078,-12.222,-11.130,-0.304
326.650800,57.996213500,56.307073200,171.355,-12.201,-11.139,-0.283
327.650800,57.996104200,56.306885400,171.704,-12.163,-11.095,-0.350
328.650780,57.995995000,56.306697700,171.986,-12.175,-11.093,-0.278
329.650780,57.995885800,56.306509900,172.273,-12.169,-11.100,-0.301
330.650780,57.995776600,56.306322300,172.522,-12.167,-11.074,-0.276
331.650780,57.995667300,56.306135600,172.756,-12.205,-11.008,-0.260
332.650760,57.995557500,56.305949100,172.934,-12.260,-11.003,-0.220
333.650760,57.995447200,56.305762700,173.085,-12.298,-11.023,-0.168
334.650760,57.995336900,56.305575600,173.273,-12.277,-11.088,-0.188
335.650760,57.995227400,56.305387800,173.393,-12.158,-11.101,-0.151
336.650740,57.995119000,56.305199600,173.496,-12.055,-11.115,-0.152
337.650740,57.995010800,56.305012100,173.594,-12.067,-11.062,-0.132
338.650740,57.994902400,56.304824900,173.688,-12.095,-11.061,-0.118
339.650740,57.994793300,56.304637300,173.766,-12.170,-11.104,-0.083
340.650720,57.994683500,56.304448400,173.829,-12.245,-11.202,-0.069
341.650720,57.994573200,56.304257900,173.899,-12.315,-11.292,-0.082
342.650720,57.994462000,56.304066100,173.967,-12.414,-11.364,-0.070
343.650720,57.994349600,56.303873800,174.023,-12.562,-11.380,-0.058
344.650700,57.994236000,56.303681300,174.087,-12.688,-11.385,-0.081
345.650700,57.994121300,56.303488700,174.177,-12.809,-11.398,-0.084
346.650700,57.994005700,56.303295500,174.284,-12.916,-11.441,-0.102
347.650700,57.993889700,56.303100700,174.378,-12.914,-11.561,-0.083
348.650680,57.993774900,56.302905200,174.472,-12.730,-11.558,-0.094
349.650680,57.993661900,56.302712200,174.544,-12.520,-11.356,-0.073
350.650680,57.993550200,56.302522100,174.632,-12.409,-11.198,-0.088
351.650680,57.993439600,56.302333300,174.724,-12.275,-11.157,-0.095
352.650660,57.993329900,56.302145200,174.803,-12.193,-11.103,-0.088
353.650660,57.993220800,56.301958400,174.878,-12.150,-11.028,-0.083
354.650660,57.993111900,56.301773000,174.968,-12.114,-10.944,-0.084
355.650660,57.993003500,56.301588800,175.065,-12.059,-10.870,-0.107
356.650640,57.992895400,56.301405600,175.137,-12.025,-10.813,-0.081
357.650640,57.992787800,56.301222200,175.220,-11.968,-10.875,-0.079
358.650640,57.992680500,56.301037700,175.272,-11.943,-10.924,-0.063
359.650640,57.992573200,56.300853200,175.327,-11.968,-10.907,-0.069
360.650620,57.992466200,56.300670100,175.398,-11.890,-10.794,-0.071
361.650620,57.992361200,56.300490900,175.444,-11.618,-10.512,-0.061
362.650620,57.992258500,56.300315200,175.482,-11.404,-10.321,-0.071
363.650620,57.992157100,56.300142300,175.500,-11.248,-10.186,-0.014
364.650600,57.992056700,56.299970700,175.489,-11.151,-10.142,0.013
365.650600,57.991957000,56.299799300,175.437,-11.077,-10.145,0.058
366.650600,57.991857700,56.299627900,175.353,-11.056,-10.134,0.076
367.650600,57.991758300,56.299456800,175.248,-11.081,-10.111,0.056
368.650580,57.991658900,56.299286400,175.132,-11.077,-10.061,0.065
369.650580,57.991560300,56.299118000,175.021,-10.948,-9.930,0.067
370.650580,57.991463400,56.298953100,174.891,-10.732,-9.677,0.081
371.650580,57.991368400,56.298792500,174.793,-10.497,-9.436,0.049
372.650560,57.991275600,56.298635900,174.698,-10.260,-9.189,0.043
373.650560,57.991185100,56.298483100,174.588,-10.006,-8.980,0.061
374.650560,57.991096800,56.298333600,174.481,-9.743,-8.797,0.061
375.650560,57.991010900,56.298187300,174.389,-9.494,-8.601,0.042
376.650540,57.990927900,56.298046300,174.271,-9.124,-8.234,0.065
377.650540,57.990851500,56.297916300,174.157,-8.232,-7.462,0.053
378.650540,57.990783000,56.297799800,174.035,-7.353,-6.650,0.066
379.650540,57.990723000,56.297698100,173.937,-6.393,-5.747,0.037
380.650520,57.990672200,56.297612400,173.862,-5.335,-4.787,0.014
381.650520,57.990630800,56.297542800,173.762,-4.290,-3.831,0.026
382.650520,57.990600600,56.297491700,173.655,-2.964,-2.675,0.023
383.650520,57.990583500,56.297462600,173.573,-1.453,-1.308,0.003
384.650500,57.990578600,56.297454300,173.497,-0.151,-0.134,-0.005
385.650500,57.990578200,56.297453600,173.419,0.000,-0.001,-0.001
386.650500,57.990578100,56.297453700,173.346,0.000,0.005,-0.015
387.650500,57.990578100,56.297453600,173.271,-0.004,-0.004,-0.003
388.650480,57.990578100,56.297453500,173.196,0.003,-0.001,-0.004
389.650480,57.990578100,56.297453600,173.113,0.001,0.006,-0.002
390.650480,57.990578000,56.297453600,173.032,0.001,-0.001,0.001
391.650480,57.990578000,56.297453600,172.961,-0.002,0.003,-0.006
392.650460,57.990577900,56.297453600,172.882,0.000,0.002,-0.004
393.650460,57.990577900,56.297453600,172.804,-0.001,0.003,-0.002
394.650460,57.990577800,56.297453600,172.727,-0.002,0.006,-0.005
395.650460,57.990577700,56.297453600,172.648,-0.003,0.002,-0.004
396.650440,57.990577700,56.297453600,172.570,0.000,0.002,-0.002
397.650440,57.990577600,56.297453700,172.483,0.005,0.003,0.006
398.650440,57.990577600,56.297453600,172.404,0.001,-0.001,-0.007
399.650440,57.990577500,56.297453600,172.321,-0.002,-0.001,0.003
400.650420,57.990577400,56.297453500,172.244,0.000,-0.001,0.001
401.650420,57.990577300,56.297453500,172.163,-0.003,-0.001,0.002
402.650420,57.990577200,56.297453400,172.079,-0.003,-0.002,0.001
403.650420,57.990577200,56.297453300,171.996,-0.001,-0.002,0.004
404.650400,57.990577100,56.297453200,171.915,0.000,-0.002,0.005
405.650400,57.990577000,56.297453200,171.835,-0.003,0.000,-0.002
406.650400,57.990576900,56.297453100,171.757,-0.001,-0.002,0.003
407.650400,57.990576800,56.297453000,171.680,0.001,0.001,-0.003
408.650380,57.990576700,56.297453000,171.601,-0.005,-0.002,-0.005
409.650380,57.990576700,56.297452800,171.521,0.003,-0.003,0.004
410.650380,57.990576600,56.297452800,171.443,0.002,0.001,0.007
411.650380,57.990576600,56.297452700,171.363,0.002,-0.001,-0.001
412.650360,57.990576500,56.297452600,171.285,0.000,0.000,0.001
413.650360,57.990576400,56.297452600,171.216,-0.004,-0.001,-0.012
414.650360,57.990576300,56.297452500,171.145,-0.002,0.000,-0.007
415.650360,57.990576200,56.297452400,171.074,0.001,-0.001,-0.005
416.650340,57.990576200,56.297452400,170.997,0.003,0.000,0.004
417.650340,57.990576100,56.297452400,170.919,0.001,0.003,0.005
418.650340,57.990575100,56.297450700,170.832,-0.142,-0.134,0.010
419.650340,57.990568300,56.297439200,170.751,-1.010,-0.915,0.005
420.650320,57.990551300,56.297410500,170.671,-2.276,-2.032,0.012
421.650320,57.990523200,56.297363700,170.586,-3.472,-3.080,0.017
422.650320,57.990487600,56.297304100,170.465,-4.173,-3.714,0.049
423.650320,57.990450200,56.297240200,170.368,-4.140,-3.805,0.020
424.650300,57.990418800,56.297171700,170.239,-3.217,-4.150,0.066
425.650300,57.990401700,56.297101400,170.143,-1.313,-4.158,0.021
426.650300,57.990400200,56.297040500,170.084,0.324,-3.359,-0.016
427.650300,57.990409400,56.296988000,170.043,1.339,-2.999,-0.030
428.650280,57.990425000,56.296946800,169.911,1.923,-2.200,0.089
429.650280,57.990436900,56.296919000,169.757,1.089,-1.405,0.092
430.650280,57.990442100,56.296905800,169.642,0.357,-0.519,0.047
431.650280,57.990443100,56.296903100,169.571,0.013,-0.010,0.011
432.650260,57.990443100,56.296903100,169.519,-0.001,0.000,-0.004
433.650260,57.990443000,56.296903100,169.469,0.001,-0.004,-0.013
434.650260,57.990443000,56.296903200,169.414,0.003,0.003,0.000
435.650260,57.990444000,56.296900800,169.358,0.169,-0.213,-0.002
436.650240,57.990451600,56.296881700,169.291,1.155,-1.527,0.016
437.650240,57.990469400,56.296836800,169.175,2.339,-3.143,0.066
438.650240,57.990497000,56.296767300,169.079,3.398,-4.535,0.032
439.650240,57.990532800,56.296679500,168.967,4.266,-5.481,0.060
440.650220,57.990575900,56.296575300,168.858,5.033,-6.454,0.052
441.650220,57.990625800,56.296454300,168.738,5.792,-7.466,0.065
442.650220,57.990681500,56.296320700,168.647,6.389,-8.095,0.030
443.650220,57.990741400,56.296179600,168.552,6.814,-8.451,0.035
444.650200,57.990804800,56.296031500,168.447,7.178,-8.907,0.045
445.650200,57.990871200,56.295873900,168.351,7.491,-9.501,0.044
446.650200,57.990940000,56.295705700,168.276,7.756,-10.153,0.030
447.650200,57.991011900,56.295529100,168.183,8.127,-10.577,0.040
448.650180,57.991087000,56.295348400,168.067,8.482,-10.739,0.073
449.650180,57.991164600,56.295163700,167.914,8.732,-11.006,0.108
450.650180,57.991244600,56.294975200,167.772,8.993,-11.219,0.080
451.650180,57.991327700,56.294786300,167.661,9.385,-11.162,0.060
452.650160,57.991412700,56.294597300,167.543,9.523,-11.192,0.068
453.650160,57.991499600,56.294407900,167.378,9.754,-11.210,0.113
454.650160,57.991588700,56.294217400,167.208,10.024,-11.290,0.115
455.650160,57.991679800,56.294025300,167.028,10.205,-11.400,0.130
456.650140,57.991772100,56.293830800,166.833,10.325,-11.553,0.138
457.650140,57.991865000,56.293635200,166.643,10.365,-11.567,0.129
458.650140,57.991957800,56.293443200,166.426,10.340,-11.276,0.162
459.650140,57.992051400,56.293256200,166.229,10.465,-10.972,0.144
460.650120,57.992146100,56.293075800,166.045,10.592,-10.544,0.138
461.650120,57.992241400,56.292900200,165.880,10.643,-10.324,0.122
462.650120,57.992334000,56.292722000,165.658,10.200,-10.633,0.197
463.650120,57.992424600,56.292539700,165.408,10.051,-10.841,0.202
464.650100,57.992514200,56.292354800,165.163,9.967,-10.981,0.201
465.650100,57.992603500,56.292168600,164.819,9.937,-11.012,0.274
466.650100,57.992693500,56.291982000,164.524,10.080,-11.043,0.240
467.650100,57.992784500,56.291794800,164.264,10.191,-11.081,0.211
468.650080,57.992875300,56.291606400,164.020,10.098,-11.159,0.205
469.650080,57.992964400,56.291416900,163.818,9.863,-11.219,0.157
470.650080,57.993053000,56.291228400,163.638,9.888,-11.120,0.129
471.650080,57.993139700,56.291038600,163.380,9.573,-11.262,0.218
472.650060,57.993222000,56.290843700,163.158,8.992,-11.634,0.167
473.650060,57.993301900,56.290647300,162.962,8.876,-11.598,0.147
474.650060,57.993382000,56.290453000,162.788,8.955,-11.434,0.132
475.650060,57.993463700,56.290260400,162.601,9.183,-11.371,0.138
476.650040,57.993547500,56.290068000,162.456,9.404,-11.376,0.105
477.650040,57.993633100,56.289874000,162.289,9.604,-11.500,0.135
478.650040,57.993720000,56.289677600,162.124,9.734,-11.658,0.130
479.650040,57.993808500,56.289479400,161.901,9.925,-11.740,0.184
480.650020,57.993899400,56.289281400,161.665,10.234,-11.683,0.203
481.650020,57.993989100,56.289088000,161.449,9.900,-11.325,0.171
482.650020,57.994073700,56.288906200,161.312,9.216,-10.502,0.100
483.650020,57.994151000,56.288740000,161.188,8.357,-9.543,0.100
484.650000,57.994220900,56.288592500,161.045,7.534,-8.366,0.118
485.650000,57.994283200,56.288463700,160.888,6.697,-7.292,0.110
486.650000,57.994337200,56.288353200,160.782,5.720,-6.207,0.078
487.650000,57.994382000,56.288263900,160.703,4.688,-4.877,0.051
488.650000,57.994414500,56.288202900,160.616,3.170,-3.054,0.044
489.649980,57.994431500,56.288172500,160.550,1.361,-1.265,0.032
490.649980,57.994437500,56.288161900,160.520,0.383,-0.347,0.001
491.649980,57.994438500,56.288160200,160.514,-0.005,0.003,-0.002
492.649980,57.994438500,56.288160200,160.513,0.000,0.002,-0.008
493.649960,57.994438500,56.288160200,160.520,0.000,-0.003,-0.006
494.649960,57.994438500,56.288160200,160.520,-0.005,0.001,0.003
495.649960,57.994438500,56.288160300,160.523,-0.001,0.002,-0.002
496.649960,57.994438600,56.288160300,160.529,0.004,-0.002,-0.005
497.649940,57.994438600,56.288160200,160.531,-0.007,-0.004,0.001
498.649940,57.994438700,56.288160300,160.532,0.000,0.001,0.001
499.649940,57.994438700,56.288160300,160.532,0.004,-0.001,-0.001
500.649940,57.994438800,56.288160300,160.533,-0.001,0.001,0.000
501.649920,57.994438700,56.288160300,160.528,-0.009,0.002,0.008
502.649920,57.994438700,56.288160300,160.523,0.001,-0.002,-0.009
503.649920,57.994438800,56.288160300,160.530,0.003,-0.001,-0.009
504.649920,57.994438800,56.288160300,160.543,0.001,0.002,-0.007
505.649900,57.994438800,56.288160400,160.543,0.004,0.002,-0.003
506.649900,57.994438800,56.288160400,160.544,0.002,0.004,-0.006
507.649900,57.994438800,56.288160400,160.552,0.000,-0.001,-0.004
508.649900,57.994438900,56.288160500,160.556,0.001,0.002,-0.005
509.649880,57.994438900,56.288160500,160.552,-0.001,0.000,-0.003
510.649880,57.994438900,56.288160500,160.549,0.000,0.003,0.002
511.649880,57.994438800,56.288160500,160.546,-0.005,-0.002,-0.004
512.649880,57.994438800,56.288160400,160.550,0.002,-0.002,-0.014
513.649860,57.994438800,56.288160400,160.550,0.000,-0.001,-0.005
514.649860,57.994438900,56.288160400,160.548,0.000,0.001,0.002
515.649860,57.994438900,56.288160400,160.542,0.002,0.003,-0.001
516.649860,57.994438900,56.288160500,160.534,0.002,0.002,0.000
517.649840,57.994438900,56.288160400,160.537,-0.001,-0.006,-0.014
518.649840,57.994438900,56.288160300,160.538,0.002,-0.001,-0.012
519.649840,57.994438900,56.288160200,160.532,0.005,-0.004,-0.006
520.649840,57.994439000,56.288160200,160.521,0.003,-0.001,0.000
521.649820,57.994439000,56.288160200,160.511,-0.002,0.002,0.006
522.649820,57.994439000,56.288160100,160.505,0.002,-0.003,0.001
523.649820,57.994439000,56.288160000,160.500,-0.004,-0.001,0.003
524.649820,57.994439000,56.288160000,160.494,0.003,0.001,-0.002
525.649800,57.994439100,56.288160000,160.494,0.000,0.003,-0.006
526.649800,57.994439100,56.288160000,160.493,0.001,0.002,-0.011
527.649800,57.994439100,56.288160000,160.489,0.007,-0.001,-0.004
528.649800,57.994439100,56.288159900,160.480,0.000,0.001,0.000
529.649780,57.994439200,56.288159900,160.479,0.004,0.000,-0.003
530.649780,57.994439200,56.288159800,160.470,-0.001,0.000,0.007
531.649780,57.994439100,56.288159700,160.461,0.001,-0.001,0.001
532.649780,57.994439100,56.288159700,160.455,-0.006,0.000,-0.006
533.649760,57.994439100,56.288159600,160.452,0.001,0.001,0.000
534.649760,57.994439100,56.288159600,160.445,0.004,0.001,0.004
535.649760,57.994439200,56.288159500,160.419,0.015,-0.008,0.021
536.649760,57.994439200,56.288159400,160.416,0.000,-0.001,0.006
537.649740,57.994439200,56.288159400,160.421,0.005,0.003,0.005
538.649740,57.994439200,56.288159300,160.418,0.000,-0.002,0.001
539.649740,57.994439100,56.288159200,160.411,-0.004,-0.001,0.000
540.649740,57.994439000,56.288159200,160.409,-0.002,0.001,-0.004
541.649720,57.994439000,56.288159200,160.402,-0.002,0.001,0.006
542.649720,57.994438900,56.288159100,160.391,0.001,-0.003,0.001
543.649720,57.994438900,56.288159000,160.390,0.004,0.003,-0.004
544.649720,57.994438900,56.288159100,160.398,0.001,0.004,-0.002
545.649700,57.994438800,56.288159000,160.398,0.005,0.001,-0.009
546.649700,57.994438700,56.288159000,160.399,-0.005,-0.002,-0.010
547.649700,57.994438500,56.288158800,160.387,-0.006,-0.007,-0.003
548.649700,57.994440300,56.288155000,160.335,0.308,-0.299,0.022
549.649680,57.994449700,56.288138600,160.307,1.380,-1.252,0.003
550.649680,57.994468100,56.288106300,160.234,2.356,-2.190,0.052
551.649680,57.994494000,56.288058600,160.174,3.124,-3.078,0.042
552.649680,57.994524400,56.287995400,160.027,3.521,-4.024,0.124
553.649660,57.994556200,56.287915500,159.947,3.555,-5.024,0.064
554.649660,57.994586100,56.287822200,159.839,3.247,-5.732,0.099
555.649660,57.994609500,56.287718500,159.748,2.342,-6.303,0.059
556.649660,57.994623800,56.287609400,159.654,1.278,-6.525,0.072
557.649640,57.994631200,56.287497600,159.543,0.638,-6.647,0.081
558.649640,57.994636900,56.287386300,159.379,0.635,-6.556,0.143
559.649640,57.994642700,56.287276200,159.238,0.673,-6.494,0.129
560.649640,57.994648700,56.287156200,159.111,0.675,-7.355,0.108
561.649620,57.994655000,56.287015700,158.968,0.709,-8.713,0.106
562.649620,57.994661800,56.286857800,158.795,0.774,-9.602,0.145
563.649620,57.994669500,56.286684200,158.588,0.904,-10.544,0.179
564.649620,57.994678100,56.286497500,158.397,0.972,-11.257,0.178
565.649600,57.994688000,56.286305900,158.205,1.147,-11.382,0.208
566.649600,57.994699100,56.286109400,157.951,1.251,-11.737,0.263
567.649600,57.994710500,56.285903500,157.626,1.280,-12.375,0.336
568.649600,57.994722600,56.285689000,157.241,1.369,-12.818,0.384
569.649580,57.994735400,56.285468300,156.892,1.430,-13.158,0.348
570.649580,57.994748400,56.285238900,156.458,1.459,-13.740,0.427
571.649580,57.994761400,56.284996700,155.898,1.462,-14.561,0.563
572.649580,57.994774900,56.284741100,155.386,1.517,-15.355,0.518
573.649580,57.994789100,56.284476500,154.800,1.611,-15.763,0.572
574.649560,57.994806000,56.284206100,154.183,1.985,-16.091,0.618
575.649560,57.994826800,56.283932900,153.443,2.477,-16.179,0.734
576.649560,57.994850600,56.283659700,152.547,2.732,-16.138,0.889
577.649560,57.994873800,56.283385800,151.450,2.538,-16.220,1.087
578.649540,57.994895100,56.283111800,150.493,2.284,-16.196,0.946
579.649540,57.994915500,56.282838400,149.525,2.271,-16.157,0.959
580.649540,57.994935600,56.282566100,148.545,2.229,-16.082,0.964
581.649540,57.994958400,56.282295700,147.547,2.676,-15.945,0.965
582.649520,57.994987000,56.282027500,146.547,3.413,-15.825,0.992
583.649520,57.995023900,56.281762100,145.538,4.401,-15.639,0.994
584.649520,57.995069600,56.281500900,144.563,5.383,-15.358,0.952
585.649520,57.995127000,56.281247900,143.585,6.820,-14.797,0.991
586.649500,57.995197300,56.281005300,142.636,8.260,-14.154,0.936
587.649500,57.995279300,56.280774500,141.666,9.526,-13.424,0.972
588.649500,57.995370200,56.280552900,140.650,10.375,-12.969,1.012
589.649500,57.995467800,56.280338500,139.638,11.088,-12.546,1.007
590.649480,57.995573700,56.280135600,138.622,12.108,-11.767,1.008
591.649480,57.995683700,56.279937000,137.551,12.312,-11.739,1.058
592.649480,57.995794800,56.279737700,136.511,12.405,-11.808,1.038
593.649480,57.995907000,56.279537600,135.517,12.539,-11.843,0.993
594.649460,57.996019900,56.279336800,134.505,12.584,-11.890,1.006
595.649460,57.996133200,56.279134900,133.549,12.649,-11.959,0.932
596.649460,57.996246600,56.278932500,132.664,12.631,-11.975,0.896
597.649460,57.996360900,56.278729800,131.787,12.776,-11.998,0.858
598.649440,57.996475900,56.278527300,131.003,12.828,-11.976,0.759
599.649440,57.996591200,56.278324600,130.343,12.848,-11.997,0.643
600.649440,57.996706400,56.278120100,129.938,12.818,-12.145,0.379
601.649440,57.996821500,56.277915300,129.676,12.820,-12.096,0.245
602.649420,57.996936500,56.277711300,129.606,12.780,-12.062,0.038
603.649420,57.997050600,56.277508200,129.754,12.667,-12.011,-0.193
604.649420,57.997163800,56.277306600,130.140,12.571,-11.891,-0.420
605.649420,57.997277300,56.277107000,130.748,12.652,-11.787,-0.645
606.649400,57.997391700,56.276908100,131.470,12.771,-11.766,-0.755
607.649400,57.997506900,56.276709300,132.335,12.841,-11.759,-0.906
608.649400,57.997621700,56.276511400,133.326,12.767,-11.686,-1.030
609.649400,57.997735600,56.276314300,134.318,12.644,-11.650,-1.007
610.649380,57.997848400,56.276117700,135.297,12.535,-11.615,-1.004
611.649380,57.997959900,56.275921700,136.263,12.367,-11.586,-0.988
612.649380,57.998070500,56.275727600,137.213,12.298,-11.431,-0.974
613.649380,57.998179700,56.275536500,138.138,12.102,-11.244,-0.943
614.649360,57.998286700,56.275348200,139.052,11.836,-11.084,-0.938
615.649360,57.998391800,56.275163300,139.982,11.656,-10.871,-0.957
616.649360,57.998494700,56.274980300,140.935,11.369,-10.800,-0.967
617.649360,57.998596000,56.274801700,141.914,11.242,-10.453,-0.998
618.649340,57.998696500,56.274625800,142.847,11.190,-10.378,-0.943
619.649340,57.998797100,56.274451100,143.688,11.209,-10.302,-0.840
620.649340,57.998896700,56.274277900,144.437,11.041,-10.213,-0.747
621.649340,57.998993100,56.274106600,145.039,10.608,-10.085,-0.591
622.649320,57.999086200,56.273938800,145.501,10.266,-9.850,-0.464
623.649320,57.999170800,56.273765700,145.753,9.058,-10.388,-0.263
624.649320,57.999247900,56.273587100,146.095,8.387,-10.637,-0.360
625.649320,57.999318300,56.273401800,146.448,7.594,-11.097,-0.368
626.649300,57.999382200,56.273209400,146.790,6.907,-11.504,-0.316
627.649300,57.999439600,56.273011500,147.114,6.171,-11.777,-0.351
628.649300,57.999492500,56.272815700,147.437,5.772,-11.488,-0.338
629.649300,57.999543800,56.272628200,147.726,5.688,-10.905,-0.304
630.649280,57.999592700,56.272452800,147.983,5.348,-10.138,-0.280
631.649280,57.999634500,56.272294700,148.197,4.364,-8.999,-0.234
632.649280,57.999662100,56.272154600,148.416,2.524,-7.972,-0.212
633.649280,57.999672700,56.272036100,148.600,0.598,-6.591,-0.183
634.649260,57.999670400,56.271941500,148.730,-0.638,-5.174,-0.106
635.649260,57.999662000,56.271871900,148.803,-1.071,-3.666,-0.065
636.649260,57.999655300,56.271833200,148.854,-0.621,-1.709,-0.051
637.649260,57.999653400,56.271823400,148.862,-0.032,-0.093,-0.011
638.649240,57.999653300,56.271822900,148.855,0.003,0.002,-0.002
639.649240,57.999653300,56.271822800,148.857,0.001,0.001,-0.007
640.649240,57.999653300,56.271822800,148.861,0.004,-0.002,0.001
641.649240,57.999653300,56.271822700,148.867,0.000,0.000,-0.003
642.649220,57.999653300,56.271822700,148.874,-0.001,0.001,-0.005
643.649220,57.999653300,56.271822700,148.878,-0.003,-0.002,-0.008
644.649220,57.999653300,56.271822600,148.871,0.007,0.000,0.011
645.649220,57.999653400,56.271822500,148.861,0.004,-0.004,0.015
646.649200,57.999653400,56.271822500,148.859,-0.001,-0.002,0.006
647.649200,57.999653400,56.271822400,148.864,-0.007,-0.002,-0.004
648.649200,57.999653400,56.271822400,148.878,0.000,0.003,-0.015
649.649200,57.999653400,56.271822400,148.885,0.000,0.002,-0.004
650.649200,57.999653300,56.271822300,148.890,-0.003,0.000,-0.001
651.649180,57.999653300,56.271822300,148.891,0.001,0.003,0.002
652.649180,57.999653300,56.271822300,148.896,0.000,0.000,-0.002
653.649180,57.999653300,56.271822300,148.906,-0.002,0.001,-0.004
654.649180,57.999653300,56.271822300,148.920,-0.003,0.001,-0.011
655.649160,57.999653400,56.271822300,148.933,0.000,-0.001,-0.011
656.649160,57.999653400,56.271822300,148.932,0.005,0.002,0.000
657.649160,57.999653500,56.271822300,148.929,0.000,0.001,0.006
658.649160,57.999653500,56.271822200,148.926,0.000,-0.008,0.011
659.649140,57.999652600,56.271817300,148.944,-0.154,-0.414,-0.007
660.649140,57.999647300,56.271791800,148.997,-0.777,-1.981,-0.045
661.649140,57.999636900,56.271735400,149.081,-1.324,-3.916,-0.088
662.649140,57.999621600,56.271650900,149.221,-1.867,-5.460,-0.155
663.649120,57.999601300,56.271545000,149.403,-2.440,-6.604,-0.181
664.649120,57.999575800,56.271421400,149.627,-3.023,-7.608,-0.223
665.649120,57.999546200,56.271280700,149.928,-3.400,-8.635,-0.296
666.649120,57.999513500,56.271124500,150.303,-3.746,-9.502,-0.375
667.649100,57.999478900,56.270957600,150.790,-3.894,-10.041,-0.447
668.649100,57.999443200,56.270783300,151.284,-4.013,-10.436,-0.455
669.649100,57.999406500,56.270603400,151.665,-4.120,-10.722,-0.376
670.649100,57.999367500,56.270422200,152.072,-4.425,-10.715,-0.376
671.649080,57.999324600,56.270234800,152.442,-4.950,-11.245,-0.348
672.649080,57.999278900,56.270034300,152.802,-5.151,-12.127,-0.343
673.649080,57.999230200,56.269822100,153.179,-5.536,-12.732,-0.370
674.649080,57.999178700,56.269598800,153.449,-5.827,-13.391,-0.280
675.649060,57.999124800,56.269364100,153.811,-6.087,-14.100,-0.342
676.649060,57.999068300,56.269118600,154.224,-6.411,-14.705,-0.375
677.649060,57.999008000,56.268868900,154.560,-6.832,-14.816,-0.318
678.649060,57.998949300,56.268615000,155.044,-6.473,-15.145,-0.365
679.649040,57.998890600,56.268357500,155.289,-6.560,-15.257,-0.248
680.649040,57.998833300,56.268098300,155.534,-6.320,-15.358,-0.237
681.649040,57.998777600,56.267839200,155.744,-6.171,-15.308,-0.188
682.649040,57.998723100,56.267580500,155.924,-6.001,-15.313,-0.155
683.649020,57.998668900,56.267327000,156.064,-6.041,-14.854,-0.134
684.649020,57.998614600,56.267081900,156.214,-6.039,-14.347,-0.122
685.649020,57.998560400,56.266845200,156.393,-6.046,-13.851,-0.158
686.649020,57.998506900,56.266617100,156.620,-5.951,-13.340,-0.149
687.649000,57.998455000,56.266397000,156.774,-5.722,-12.877,-0.126
688.649000,57.998405000,56.266184100,156.919,-5.505,-12.475,-0.115
689.649000,57.998357000,56.265978300,157.040,-5.294,-12.042,-0.115
690.649000,57.998311000,56.265781300,157.200,-5.064,-11.482,-0.140
691.648980,57.998268400,56.265600200,157.385,-4.637,-10.411,-0.070
692.648980,57.998232500,56.265445300,157.530,-3.792,-8.633,-0.056
693.648980,57.998201300,56.265311800,157.526,-3.398,-7.568,0.033
694.648980,57.998173400,56.265193400,157.639,-3.029,-6.752,-0.036
695.648960,57.998148700,56.265090200,157.701,-2.671,-5.817,-0.015
696.648960,57.998127000,56.264999700,157.722,-2.339,-5.124,-0.035
697.648960,57.998109600,56.264926100,157.746,-1.814,-3.986,-0.029
698.648960,57.998098600,56.264875100,157.720,-1.076,-2.549,0.005
699.648940,57.998092200,56.264843800,157.776,-0.636,-1.516,-0.042
700.648940,57.998087900,56.264822800,157.800,-0.459,-1.086,-0.044
701.648940,57.998085300,56.264809900,157.810,-0.287,-0.585,-0.031
702.648940,57.998084300,56.264803500,157.797,-0.107,-0.257,-0.002
703.648920,57.998083700,56.264799400,157.806,-0.089,-0.210,-0.006
704.648920,57.998082600,56.264791800,157.793,-0.172,-0.535,0.006
705.648920,57.998079500,56.264772200,157.832,-0.437,-1.422,-0.026
706.648920,57.998077100,56.264733200,157.865,-0.220,-2.686,-0.009
707.648900,57.998082100,56.264682400,157.843,0.866,-3.123,0.015
708.648900,57.998098300,56.264634000,157.852,2.193,-2.743,0.000
709.648900,57.998125700,56.264592500,157.844,3.414,-2.331,0.012
710.648900,57.998163000,56.264552600,157.808,4.499,-2.367,0.043
711.648880,57.998209300,56.264507800,157.702,5.442,-2.766,0.096
712.648880,57.998262700,56.264458500,157.501,6.181,-2.984,0.181
713.648880,57.998322400,56.264401400,157.377,6.858,-3.549,0.144
714.648880,57.998388100,56.264337500,157.208,7.530,-3.872,0.172
715.648880,57.998459700,56.264269800,157.057,8.184,-4.045,0.132
716.648860,57.998536400,56.264198200,156.888,8.709,-4.314,0.160
717.648860,57.998617500,56.264122300,156.709,9.173,-4.564,0.169
718.648860,57.998701800,56.264044100,156.591,9.491,-4.661,0.158
719.648860,57.998785700,56.263965900,156.473,9.280,-4.594,0.127
720.648840,57.998867500,56.263890500,156.363,9.050,-4.404,0.103
721.648840,57.998948000,56.263817300,156.237,8.938,-4.289,0.109
722.648840,57.999028300,56.263744100,156.135,8.961,-4.323,0.105
723.648840,57.999108700,56.263670100,156.052,8.980,-4.381,0.113
724.648820,57.999191300,56.263594600,155.924,9.278,-4.517,0.147
725.648820,57.999277200,56.263515700,155.783,9.695,-4.719,0.125
726.648820,57.999366500,56.263433700,155.688,10.029,-4.933,0.104
727.648820,57.999457400,56.263348700,155.583,10.159,-5.059,0.099
728.648800,57.999548300,56.263262000,155.467,10.106,-5.154,0.119
729.648800,57.999638700,56.263176700,155.360,10.032,-5.011,0.130
730.648800,57.999729900,56.263095500,155.274,10.214,-4.712,0.087
731.648800,57.999823700,56.263013300,155.196,10.550,-4.924,0.083
732.648780,57.999922100,56.262926100,155.134,11.135,-5.248,0.063
733.648780,58.000023900,56.262835100,155.008,11.434,-5.433,0.130
734.648780,58.000126900,56.262741700,154.943,11.488,-5.571,0.106
735.648780,58.000230000,56.262646000,154.922,11.509,-5.705,0.060
736.648760,58.000331900,56.262551500,154.863,11.304,-5.549,0.094
737.648760,58.000431000,56.262459900,154.845,10.961,-5.384,0.058
738.648760,58.000527100,56.262371100,154.796,10.591,-5.182,0.047
739.648760,58.000619300,56.262285300,154.776,10.149,-5.023,0.024
740.648740,58.000707000,56.262203800,154.749,9.577,-4.738,0.023
741.648740,58.000788700,56.262127200,154.705,8.890,-4.419,0.046
742.648740,58.000865400,56.262057900,154.734,8.387,-3.942,-0.009
743.648740,58.000940000,56.261999400,154.753,8.302,-3.229,-0.006
744.648720,58.001013900,56.261948100,154.729,8.215,-2.945,0.039
745.648720,58.001086600,56.261898600,154.715,8.062,-2.927,0.059
746.648720,58.001156600,56.261843700,154.621,7.705,-3.392,0.106
747.648720,58.001225500,56.261781900,154.610,7.640,-3.821,0.059
748.648700,58.001294300,56.261710800,154.535,7.680,-4.402,0.081
749.648700,58.001365100,56.261634400,154.572,7.980,-4.613,-0.010
750.648700,58.001439200,56.261557300,154.630,8.389,-4.550,-0.039
751.648700,58.001516300,56.261481700,154.654,8.724,-4.454,-0.030
752.648680,58.001595700,56.261403600,154.708,8.940,-4.703,-0.045
753.648680,58.001677900,56.261325700,154.752,9.269,-4.573,-0.057
754.648680,58.001760100,56.261250100,154.853,9.117,-4.446,-0.093
755.648680,58.001841900,56.261175200,154.984,9.119,-4.437,-0.121
756.648660,58.001925200,56.261098300,155.126,9.339,-4.626,-0.088
757.648660,58.002010900,56.261019000,155.189,9.626,-4.689,-0.071
758.648660,58.002096800,56.260936300,155.307,9.561,-4.941,-0.108
759.648660,58.002180900,56.260850900,155.381,9.291,-5.079,-0.075
760.648640,58.002264900,56.260771800,155.455,9.389,-4.499,-0.073
761.648640,58.002348200,56.260698400,155.484,9.236,-4.268,-0.017
762.648640,58.002428100,56.260625400,155.485,8.747,-4.347,0.029
763.648640,58.002505400,56.260551000,155.507,8.541,-4.417,0.019
764.648620,58.002580600,56.260477600,155.458,8.287,-4.313,0.080
765.648620,58.002650700,56.260411300,155.376,7.588,-3.756,0.089
766.648620,58.002711000,56.260356800,155.298,6.331,-3.007,0.062
767.648620,58.002758300,56.260314400,155.266,4.849,-2.299,0.068
768.648620,58.002789600,56.260286600,155.299,2.936,-1.372,0.027
769.648600,58.002803700,56.260273600,155.369,1.052,-0.480,-0.004
770.648600,58.002806100,56.260270800,155.373,-0.034,0.005,-0.003
771.648600,58.002805800,56.260270600,155.364,-0.001,-0.003,0.006
772.648600,58.002805500,56.260270300,155.382,0.003,-0.005,0.005
773.648580,58.002805400,56.260270200,155.393,0.007,0.001,0.003
774.648580,58.002805300,56.260270100,155.414,0.001,-0.006,0.004
775.648580,58.002805200,56.260270200,155.453,-0.009,-0.004,-0.003
776.648580,58.002805100,56.260270500,155.506,-0.003,-0.002,-0.004
777.648560,58.002805100,56.260270800,155.562,-0.002,0.005,-0.010
778.648560,58.002805100,56.260271100,155.598,-0.001,0.000,-0.013
779.648560,58.002805100,56.260271500,155.661,0.000,0.001,-0.011
780.648560,58.002805100,56.260272000,155.731,-0.004,0.002,-0.005
781.648540,58.002805000,56.260272500,155.773,0.000,0.004,-0.013
782.648540,58.002805000,56.260272800,155.820,0.001,-0.005,0.001
783.648540,58.002805000,56.260273000,155.876,0.000,-0.008,-0.001
784.648540,58.002805000,56.260273300,155.934,0.001,0.002,-0.008
785.648520,58.002805900,56.260273000,155.990,0.142,-0.063,-0.005
786.648520,58.002812100,56.260267800,155.955,0.925,-0.401,0.032
787.648520,58.002829300,56.260253400,155.928,2.336,-1.075,0.017
788.648520,58.002858100,56.260227200,155.930,3.587,-1.760,0.012
789.648500,58.002897500,56.260193200,155.892,4.719,-2.145,0.030
790.648500,58.002946800,56.260154300,155.871,5.786,-2.430,0.043
791.648500,58.003001300,56.260103400,155.816,6.218,-3.292,0.073
792.648500,58.003061900,56.260042100,155.820,6.986,-3.816,0.018
793.648480,58.003127900,56.259975000,155.838,7.502,-4.074,0.022
794.648480,58.003197700,56.259906900,155.759,7.912,-4.008,0.064
795.648480,58.003270400,56.259836700,155.677,8.191,-4.209,0.071
796.648480,58.003346300,56.259763300,155.561,8.588,-4.372,0.091
797.648460,58.003425000,56.259686800,155.502,8.864,-4.573,0.061
798.648460,58.003505100,56.259608100,155.439,8.944,-4.674,0.031
799.648460,58.003585800,56.259529000,155.352,9.034,-4.666,0.064
